arquivo,url,titulo,publicado,atualizado,imagens
posts/aprender-de-ingles-em-sorocaba.md,https://www.9vee.com.br/post/aprender-de-ingles-em-sorocaba,Aprender Inglês em Sorocaba - 9vee,2026-06-09,2026-06-09,1
posts/aprender-e-estudar-ingles-em-sao-paulo.md,https://www.9vee.com.br/post/aprender-e-estudar-ingles-em-sao-paulo,Aprender e Estudar Inglês em São Paulo - 9vee,2026-03-20,2026-04-16,1
posts/aprender-espanhol-em-alphaville.md,https://www.9vee.com.br/post/aprender-espanhol-em-alphaville,Aprender Espanhol em Alphaville - 9vee,2026-06-17,2026-06-17,1
posts/aprender-espanhol-em-aracaju.md,https://www.9vee.com.br/post/aprender-espanhol-em-aracaju,Aprender Espanhol em Aracaju - 9vee,2026-07-25,2026-07-25,1
posts/aprender-espanhol-em-belem.md,https://www.9vee.com.br/post/aprender-espanhol-em-belem,Aprender Espanhol em Belém - 9vee,2026-07-21,2026-07-21,1
posts/aprender-espanhol-em-boa-vista.md,https://www.9vee.com.br/post/aprender-espanhol-em-boa-vista,Aprender Espanhol em Boa Vista - 9vee,2026-07-23,2026-07-23,1
posts/aprender-espanhol-em-brasilia.md,https://www.9vee.com.br/post/aprender-espanhol-em-brasilia,Aprender Espanhol em Brasília - 9vee,2026-06-26,2026-06-26,1
posts/aprender-espanhol-em-campinas.md,https://www.9vee.com.br/post/aprender-espanhol-em-campinas,Aprender Espanhol em Campinas - 9vee,2026-06-23,2026-06-23,1
posts/aprender-espanhol-em-campo-grande.md,https://www.9vee.com.br/post/aprender-espanhol-em-campo-grande,Aprender Espanhol em Campo Grande - 9vee,2026-07-08,2026-07-08,1
posts/aprender-espanhol-em-goiania.md,https://www.9vee.com.br/post/aprender-espanhol-em-goiania,Aprender Espanhol em Goiânia - 9vee,2026-06-29,2026-06-29,1
posts/aprender-espanhol-em-joinville.md,https://www.9vee.com.br/post/aprender-espanhol-em-joinville,Aprender Espanhol em Joinville - 9vee,2026-06-30,2026-06-30,1
posts/aprender-espanhol-em-jundiai.md,https://www.9vee.com.br/post/aprender-espanhol-em-jundiai,Aprender Espanhol em Jundiaí - 9vee,2026-06-30,2026-06-30,1
posts/aprender-espanhol-em-natal.md,https://www.9vee.com.br/post/aprender-espanhol-em-natal,Aprender Espanhol em Natal - 9vee,2026-07-25,2026-07-25,1
posts/aprender-espanhol-em-palmas.md,https://www.9vee.com.br/post/aprender-espanhol-em-palmas,Aprender Espanhol em Palmas - 9vee,2026-07-10,2026-07-10,1
posts/aprender-espanhol-em-pinheiros.md,https://www.9vee.com.br/post/aprender-espanhol-em-pinheiros,Aprender Espanhol em Pinheiros - 9vee,2026-06-25,2026-06-25,1
posts/aprender-espanhol-em-porto-velho.md,https://www.9vee.com.br/post/aprender-espanhol-em-porto-velho,Aprender Espanhol em Porto Velho - 9vee,2026-07-05,2026-07-28,1
posts/aprender-espanhol-em-recife.md,https://www.9vee.com.br/post/aprender-espanhol-em-recife,Aprender Espanhol em Recife - 9vee,2026-07-08,2026-07-08,1
posts/aprender-espanhol-em-ribeirao-preto.md,https://www.9vee.com.br/post/aprender-espanhol-em-ribeirao-preto,Aprender Espanhol em Ribeirão Preto - 9vee,2026-06-20,2026-06-20,1
posts/aprender-espanhol-em-rio-branco.md,https://www.9vee.com.br/post/aprender-espanhol-em-rio-branco,Aprender Espanhol em Rio Branco - 9vee,2026-08-09,2026-08-09,1
posts/aprender-espanhol-em-sao-caetano-do-sul.md,https://www.9vee.com.br/post/aprender-espanhol-em-sao-caetano-do-sul,Aprender Espanhol em São Caetano do Sul - 9vee,2026-07-04,2026-07-04,1
posts/aprender-espanhol-em-sao-paulo.md,https://www.9vee.com.br/post/aprender-espanhol-em-sao-paulo,Aprender espanhol em São Paulo - 9vee,2026-06-13,2026-06-13,1
posts/aprender-espanhol-em-sorocaba.md,https://www.9vee.com.br/post/aprender-espanhol-em-sorocaba,Aprender Espanhol em Sorocaba - 9vee,2026-06-26,2026-06-26,1
posts/aprender-espanhol-em-teresina.md,https://www.9vee.com.br/post/aprender-espanhol-em-teresina,Aprender Espanhol em Teresina - 9vee,2026-07-07,2026-07-07,1
posts/aprender-espanhol-na-av-paulista.md,https://www.9vee.com.br/post/aprender-espanhol-na-av-paulista,Aprender Espanhol na Av. Paulista - 9vee,2026-06-14,2026-06-14,1
posts/aprender-espanhol-na-faria-lima.md,https://www.9vee.com.br/post/aprender-espanhol-na-faria-lima,Aprender Espanhol na Faria Lima - 9vee,2026-06-25,2026-06-25,1
posts/aprender-espanhol-na-vila-madalena.md,https://www.9vee.com.br/post/aprender-espanhol-na-vila-madalena,Aprender Espanhol na Vila Madalena - 9vee,2026-07-03,2026-07-03,1
posts/aprender-espanhol-na-vila-olimpia.md,https://www.9vee.com.br/post/aprender-espanhol-na-vila-olimpia,Aprender Espanhol na Vila Olímpia - 9vee,2026-06-15,2026-06-15,1
posts/aprender-espanhol-no-itaim-bibi.md,https://www.9vee.com.br/post/aprender-espanhol-no-itaim-bibi,Aprender Espanhol no Itaim Bibi - 9vee,2026-06-26,2026-06-26,1
posts/aprender-espanhol-no-tatuape.md,https://www.9vee.com.br/post/aprender-espanhol-no-tatuape,Aprender Espanhol no Tatuapé - 9vee,2026-06-27,2026-06-27,1
posts/aprender-espanhol-nos-jardins.md,https://www.9vee.com.br/post/aprender-espanhol-nos-jardins,Aprender Espanhol nos Jardins - 9vee,2026-06-25,2026-06-25,1
posts/aprender-ingles-barato.md,https://www.9vee.com.br/post/aprender-ingles-barato,Aprender Inglês Barato - 9vee,2026-03-24,2026-04-17,1
posts/aprender-ingles-em-alphaville.md,https://www.9vee.com.br/post/aprender-ingles-em-alphaville,Aprender inglês em Alphaville - 9vee,2026-06-10,2026-06-10,1
posts/aprender-ingles-em-aracaju.md,https://www.9vee.com.br/post/aprender-ingles-em-aracaju,Aprender Inglês em Aracaju - 9vee,2026-03-28,2026-04-18,1
posts/aprender-ingles-em-balneario-camboriu.md,https://www.9vee.com.br/post/aprender-ingles-em-balneario-camboriu,Aprender Inglês em Balneário Camboriú - 9vee,2026-08-20,2026-08-20,1
posts/aprender-ingles-em-belem.md,https://www.9vee.com.br/post/aprender-ingles-em-belem,Aprender inglês em Belém - 9vee,2026-03-31,2026-04-18,1
posts/aprender-ingles-em-belo-horizonte.md,https://www.9vee.com.br/post/aprender-ingles-em-belo-horizonte,Aprender Inglês em Belo Horizonte - 9vee,2026-03-24,2026-04-17,1
posts/aprender-ingles-em-brasilia.md,https://www.9vee.com.br/post/aprender-ingles-em-brasilia,Aprender Inglês em Brasília - 9vee,2026-03-24,2026-04-16,1
posts/aprender-ingles-em-campinas.md,https://www.9vee.com.br/post/aprender-ingles-em-campinas,Aprender Inglês em Campinas - 9vee,2026-03-23,2026-04-17,1
posts/aprender-ingles-em-campo-grande.md,https://www.9vee.com.br/post/aprender-ingles-em-campo-grande,Aprender Inglês em Campo Grande - 9vee,2026-03-28,2026-04-17,1
posts/aprender-ingles-em-cuiaba.md,https://www.9vee.com.br/post/aprender-ingles-em-cuiaba,Aprender Inglês em Cuiabá - 9vee,2026-03-26,2026-04-18,1
posts/aprender-ingles-em-curitiba.md,https://www.9vee.com.br/post/aprender-ingles-em-curitiba,Aprender Inglês em Curitiba - 9vee,2026-03-29,2026-04-17,1
posts/aprender-ingles-em-florianopolis.md,https://www.9vee.com.br/post/aprender-ingles-em-florianopolis,Aprender Inglês em Florianópolis - 9vee,2026-03-24,2026-04-17,1
posts/aprender-ingles-em-fortaleza.md,https://www.9vee.com.br/post/aprender-ingles-em-fortaleza,Aprender Inglês em Fortaleza - 9vee,2026-03-25,2026-04-17,1
posts/aprender-ingles-em-goiania.md,https://www.9vee.com.br/post/aprender-ingles-em-goiania,Aprender inglês em Goiânia - 9vee,2026-03-26,2026-04-18,1
posts/aprender-ingles-em-joao-pessoa.md,https://www.9vee.com.br/post/aprender-ingles-em-joao-pessoa,Aprender Inglês em João Pessoa - 9vee,2026-03-28,2026-04-18,1
posts/aprender-ingles-em-joinville.md,https://www.9vee.com.br/post/aprender-ingles-em-joinville,Aprender Inglês em Joinville - 9vee,2026-06-08,2026-06-08,1
posts/aprender-ingles-em-jundiai.md,https://www.9vee.com.br/post/aprender-ingles-em-jundiai,Aprender Inglês em Jundiaí - 9vee,2026-06-10,2026-06-10,1
posts/aprender-ingles-em-maceio.md,https://www.9vee.com.br/post/aprender-ingles-em-maceio,Aprender Inglês em Maceió - 9vee,2026-03-29,2026-04-18,1
posts/aprender-ingles-em-manaus.md,https://www.9vee.com.br/post/aprender-ingles-em-manaus,Aprender Inglês em Manaus - 9vee,2026-03-28,2026-04-18,1
posts/aprender-ingles-em-natal.md,https://www.9vee.com.br/post/aprender-ingles-em-natal,Aprender Inglês em Natal - 9vee,2026-03-26,2026-04-17,1
posts/aprender-ingles-em-palmas.md,https://www.9vee.com.br/post/aprender-ingles-em-palmas,Aprender Inglês em Palmas - 9vee,2026-03-26,2026-04-17,1
posts/aprender-ingles-em-pinheiros.md,https://www.9vee.com.br/post/aprender-ingles-em-pinheiros,Aprender Inglês em Pinheiros - 9vee,2026-06-10,2026-06-10,1
posts/aprender-ingles-em-porto-alegre.md,https://www.9vee.com.br/post/aprender-ingles-em-porto-alegre,Aprender Inglês em Porto Alegre - 9vee,2026-03-30,2026-04-18,1
posts/aprender-ingles-em-porto-velho.md,https://www.9vee.com.br/post/aprender-ingles-em-porto-velho,Aprender Inglês em Porto Velho - 9vee,2026-03-29,2026-04-16,1
posts/aprender-ingles-em-recife.md,https://www.9vee.com.br/post/aprender-ingles-em-recife,Aprender Inglês em Recife - 9vee,2026-03-27,2026-04-16,1
posts/aprender-ingles-em-ribeirao-preto.md,https://www.9vee.com.br/post/aprender-ingles-em-ribeirao-preto,Aprender Inglês em Ribeirão Preto - 9vee,2026-06-21,2026-06-21,1
posts/aprender-ingles-em-salvador.md,https://www.9vee.com.br/post/aprender-ingles-em-salvador,Aprender inglês em Salvador - 9vee,2026-03-25,2026-04-17,1
posts/aprender-ingles-em-sao-jose-dos-campos.md,https://www.9vee.com.br/post/aprender-ingles-em-sao-jose-dos-campos,Aprender Inglês em São José dos Campos - 9vee,2026-08-17,2026-08-17,1
posts/aprender-ingles-em-sao-luis.md,https://www.9vee.com.br/post/aprender-ingles-em-sao-luis,Aprender Inglês em São Luís - 9vee,2026-03-28,2026-04-18,1
posts/aprender-ingles-em-sao-paulo.md,https://www.9vee.com.br/post/aprender-ingles-em-sao-paulo,Aprender Inglês em São Paulo - 9vee,2026-04-08,2026-04-17,1
posts/aprender-ingles-em-teresina.md,https://www.9vee.com.br/post/aprender-ingles-em-teresina,Aprender Inglês em Teresina - 9vee,2026-03-26,2026-04-18,1
posts/aprender-ingles-em-uberaba.md,https://www.9vee.com.br/post/aprender-ingles-em-uberaba,Aprender Inglês em Uberaba - 9vee,2026-06-22,2026-06-22,1
posts/aprender-ingles-em-uberlandia.md,https://www.9vee.com.br/post/aprender-ingles-em-uberlandia,Aprender Inglês em Uberlândia - 9vee,2026-06-23,2026-06-23,1
posts/aprender-ingles-em-vitoria.md,https://www.9vee.com.br/post/aprender-ingles-em-vitoria,Aprender Inglês em Vitória - 9vee,2026-03-27,2026-04-18,1
posts/aprender-ingles-intensivo.md,https://www.9vee.com.br/post/aprender-ingles-intensivo,Aprender Inglês Intensivo - 9vee,2026-03-25,2026-04-17,1
posts/aprender-ingles-na-av-paulista.md,https://www.9vee.com.br/post/aprender-ingles-na-av-paulista,Aprender Inglês na Av. Paulista - 9vee,2026-06-11,2026-06-11,1
posts/aprender-ingles-na-vila-mariana.md,https://www.9vee.com.br/post/aprender-ingles-na-vila-mariana,Aprender Inglês na Vila Mariana - 9vee,2026-06-09,2026-06-09,1
posts/aprender-ingles-na-vila-olimpia.md,https://www.9vee.com.br/post/aprender-ingles-na-vila-olimpia,Aprender Inglês na Vila Olímpia - 9vee,2026-06-09,2026-06-09,1
posts/aprender-ingles-no-abc.md,https://www.9vee.com.br/post/aprender-ingles-no-abc,Aprender Inglês no ABC - 9vee,2026-03-25,2026-04-16,1
posts/aprender-ingles-no-itaim-bibi.md,https://www.9vee.com.br/post/aprender-ingles-no-itaim-bibi,Aprender Inglês no Itaim Bibi - 9vee,2026-06-12,2026-06-12,1
posts/aprender-ingles-no-rio-de-janeiro.md,https://www.9vee.com.br/post/aprender-ingles-no-rio-de-janeiro,Aprender Inglês no Rio de Janeiro - 9vee,2026-03-25,2026-04-17,1
posts/aprender-ingles-no-tatuape.md,https://www.9vee.com.br/post/aprender-ingles-no-tatuape,Aprender Inglês no Tatuapé - 9vee,2026-06-08,2026-06-08,1
posts/aprender-ingles-nos-jardins.md,https://www.9vee.com.br/post/aprender-ingles-nos-jardins,Aprender inglês nos Jardins - 9vee,2026-06-24,2026-06-24,1
posts/aula-de-ingles-espanhol-frances-italiano-alemao.md,https://www.9vee.com.br/post/aula-de-ingles-espanhol-frances-italiano-alemao,"Aula de Inglês, Espanhol, Francês, Italiano e Alemão - 9vee",2026-03-21,2026-03-21,1
posts/aula-de-ingles-ou-espanhol-em-empresas.md,https://www.9vee.com.br/post/aula-de-ingles-ou-espanhol-em-empresas,Aula de Inglês ou Espanhol em Empresas - 9vee,2026-03-20,2026-04-16,1
posts/aula-individual-de-ingles-in-company.md,https://www.9vee.com.br/post/aula-individual-de-ingles-in-company,Aula Individual de Inglês In Company - 9vee,2026-03-21,2026-04-16,1
posts/aula-particular-de-idiomas-em-sao-paulo.md,https://www.9vee.com.br/post/aula-particular-de-idiomas-em-sao-paulo,Aula Particular de Idiomas em São Paulo - 9vee,2026-03-21,2026-04-16,1
posts/aula-particular-de-portugues-para-estrangeiros-em-sao-paulo.md,https://www.9vee.com.br/post/aula-particular-de-portugues-para-estrangeiros-em-sao-paulo,Aula Particular de Português Para Estrangeiros em São Paulo - 9vee,2026-03-21,2026-04-16,1
posts/aulas-de-espanhol-basico.md,https://www.9vee.com.br/post/aulas-de-espanhol-basico,Aulas de Espanhol Básico - 9vee,2026-03-20,2026-03-20,1
posts/aulas-de-ingles-com-certificado-na-melhor-escola-de-sao-paulo.md,https://www.9vee.com.br/post/aulas-de-ingles-com-certificado-na-melhor-escola-de-sao-paulo,Aulas de Inglês com Certificado na Melhor Escola de São Paulo - 9vee,2026-03-21,2026-04-16,1
posts/aulas-particulares-de-chines-em-sao-paulo.md,https://www.9vee.com.br/post/aulas-particulares-de-chines-em-sao-paulo,Aulas particulares de chinês em São Paulo - 9vee,2026-05-19,2026-05-19,1
posts/aulas-particulares-de-chines-na-av-paulista.md,https://www.9vee.com.br/post/aulas-particulares-de-chines-na-av-paulista,Aulas Particulares de Chinês na Av. Paulista - 9vee,2026-06-02,2026-06-02,1
posts/curso-de-alemao-em-belem.md,https://www.9vee.com.br/post/curso-de-alemao-em-belem,Curso de Alemão em Belém - 9vee,2026-04-04,2026-04-04,1
posts/curso-de-alemao-em-belo-horizonte.md,https://www.9vee.com.br/post/curso-de-alemao-em-belo-horizonte,Curso de Alemão em Belo Horizonte - 9vee,2026-03-22,2026-04-17,1
posts/curso-de-alemao-em-brasilia.md,https://www.9vee.com.br/post/curso-de-alemao-em-brasilia,Curso de Alemão em Brasília - 9vee,2026-03-22,2026-04-17,1
posts/curso-de-alemao-em-campinas.md,https://www.9vee.com.br/post/curso-de-alemao-em-campinas,Curso de Alemão em Campinas - 9vee,2026-03-25,2026-04-17,1
posts/curso-de-alemao-em-campo-grande.md,https://www.9vee.com.br/post/curso-de-alemao-em-campo-grande,Curso de Alemão em Campo Grande - 9vee,2026-04-13,2026-04-14,1
posts/curso-de-alemao-em-cuiaba.md,https://www.9vee.com.br/post/curso-de-alemao-em-cuiaba,Curso de Alemão em Cuiabá – 9vee,2026-04-06,2026-04-18,1
posts/curso-de-alemao-em-curitiba.md,https://www.9vee.com.br/post/curso-de-alemao-em-curitiba,Curso de Alemão em Curitiba - 9vee,2026-03-31,2026-04-16,1
posts/curso-de-alemao-em-florianopolis.md,https://www.9vee.com.br/post/curso-de-alemao-em-florianopolis,Curso de Alemão em Florianópolis - 9vee,2026-03-22,2026-04-17,1
posts/curso-de-alemao-em-goiania.md,https://www.9vee.com.br/post/curso-de-alemao-em-goiania,Curso de Alemão em Goiânia - 9vee,2026-03-22,2026-04-17,1
posts/curso-de-alemao-em-jundiai.md,https://www.9vee.com.br/post/curso-de-alemao-em-jundiai,Curso de Alemão em Jundiaí - 9vee,2026-04-13,2026-04-14,1
posts/curso-de-alemao-em-manaus.md,https://www.9vee.com.br/post/curso-de-alemao-em-manaus,Curso de Alemão em Manaus - 9vee,2026-04-13,2026-04-14,1
posts/curso-de-alemao-em-porto-alegre.md,https://www.9vee.com.br/post/curso-de-alemão-em-porto-alegre,Curso de Alemão em Porto Alegre - 9vee,2026-04-08,2026-04-17,1
posts/curso-de-alemao-em-sao-paulo.md,https://www.9vee.com.br/post/curso-de-alemao-em-sao-paulo,Curso de Alemão em São Paulo - 9vee,2026-03-22,2026-04-17,1
posts/curso-de-alemao-em-vitoria.md,https://www.9vee.com.br/post/curso-de-alemao-em-vitoria,Curso de Alemão em Vitória - 9vee,2026-04-01,2026-04-16,1
posts/curso-de-alemao-no-rio-de-janeiro.md,https://www.9vee.com.br/post/curso-de-alemao-no-rio-de-janeiro,Curso de Alemão no Rio de Janeiro - 9vee,2026-03-22,2026-04-17,1
posts/curso-de-espanhol-barato.md,https://www.9vee.com.br/post/curso-de-espanhol-barato,Curso de Espanhol Barato - 9vee,2026-03-22,2026-04-17,1
posts/curso-de-espanhol-em-alphaville.md,https://www.9vee.com.br/post/curso-de-espanhol-em-alphaville,Curso de Espanhol em Alphaville - 9vee,2026-04-02,2026-04-16,1
posts/curso-de-espanhol-em-aracaju.md,https://www.9vee.com.br/post/curso-de-espanhol-em-aracaju,Curso de Espanhol em Aracaju - 9vee,2026-04-07,2026-04-18,1
posts/curso-de-espanhol-em-belem.md,https://www.9vee.com.br/post/curso-de-espanhol-em-belem,Curso de Espanhol em Belém - 9vee,2026-03-31,2026-04-18,1
posts/curso-de-espanhol-em-belo-horizonte.md,https://www.9vee.com.br/post/curso-de-espanhol-em-belo-horizonte,Curso de Espanhol em Belo Horizonte - 9vee,2026-03-30,2026-04-17,1
posts/curso-de-espanhol-em-blumenau.md,https://www.9vee.com.br/post/curso-de-espanhol-em-blumenau,Curso de Espanhol em Blumenau - 9vee,2026-05-21,2026-05-21,1
posts/curso-de-espanhol-em-brasilia.md,https://www.9vee.com.br/post/curso-de-espanhol-em-brasilia,Curso de Espanhol em Brasília - 9vee,2026-03-30,2026-04-16,1
posts/curso-de-espanhol-em-campinas.md,https://www.9vee.com.br/post/curso-de-espanhol-em-campinas,Curso de Espanhol em Campinas - 9vee,2026-03-30,2026-04-18,1
posts/curso-de-espanhol-em-campo-grande.md,https://www.9vee.com.br/post/curso-de-espanhol-em-campo-grande,Curso de Espanhol em Campo Grande  - 9vee,2026-03-31,2026-04-16,1
posts/curso-de-espanhol-em-cuiaba.md,https://www.9vee.com.br/post/curso-de-espanhol-em-cuiaba,Curso de Espanhol em Cuiabá - 9vee,2026-03-31,2026-04-18,1
posts/curso-de-espanhol-em-curitiba.md,https://www.9vee.com.br/post/curso-de-espanhol-em-curitiba,Curso de Espanhol em Curitiba - 9vee,2026-03-30,2026-04-18,1
posts/curso-de-espanhol-em-florianopolis.md,https://www.9vee.com.br/post/curso-de-espanhol-em-florianopolis,Curso de Espanhol em Florianópolis - 9vee,2026-03-30,2026-04-17,1
posts/curso-de-espanhol-em-fortaleza.md,https://www.9vee.com.br/post/curso-de-espanhol-em-fortaleza,Curso de Espanhol em Fortaleza - 9vee,2026-04-04,2026-04-15,1
posts/curso-de-espanhol-em-goiania.md,https://www.9vee.com.br/post/curso-de-espanhol-em-goiania,Curso de Espanhol em Goiânia - 9vee,2026-03-30,2026-04-18,1
posts/curso-de-espanhol-em-guarulhos.md,https://www.9vee.com.br/post/curso-de-espanhol-em-guarulhos,Curso de Espanhol em Guarulhos - 9vee,2026-05-19,2026-05-19,1
posts/curso-de-espanhol-em-joao-pessoa.md,https://www.9vee.com.br/post/curso-de-espanhol-em-joao-pessoa,Curso de Espanhol em João Pessoa - 9vee,2026-04-04,2026-04-16,1
posts/curso-de-espanhol-em-joinville.md,https://www.9vee.com.br/post/curso-de-espanhol-em-joinville,Curso de Espanhol em Joinville - 9vee,2026-05-20,2026-05-20,1
posts/curso-de-espanhol-em-jundiai.md,https://www.9vee.com.br/post/curso-de-espanhol-em-jundiai,Curso de Espanhol em Jundiaí - 9vee,2026-04-14,2026-04-14,1
posts/curso-de-espanhol-em-londrina.md,https://www.9vee.com.br/post/curso-de-espanhol-em-londrina,Curso de Espanhol em Londrina - 9vee,2026-04-15,2026-04-15,1
posts/curso-de-espanhol-em-macapa.md,https://www.9vee.com.br/post/curso-de-espanhol-em-macapa,Curso de Espanhol em Macapá - 9vee,2026-04-05,2026-04-17,1
posts/curso-de-espanhol-em-manaus.md,https://www.9vee.com.br/post/curso-de-espanhol-em-manaus,Curso de Espanhol em Manaus - 9vee,2026-03-31,2026-04-16,1
posts/curso-de-espanhol-em-maringa.md,https://www.9vee.com.br/post/curso-de-espanhol-em-maringa,Curso de Espanhol em Maringá - 9vee,2026-05-14,2026-05-14,1
posts/curso-de-espanhol-em-natal.md,https://www.9vee.com.br/post/curso-de-espanhol-em-natal,Curso de Espanhol em Natal - 9vee,2026-04-02,2026-04-16,1
posts/curso-de-espanhol-em-niteroi.md,https://www.9vee.com.br/post/curso-de-espanhol-em-niteroi,Curso de Espanhol em Niterói - 9vee,2026-05-19,2026-05-19,1
posts/curso-de-espanhol-em-osasco.md,https://www.9vee.com.br/post/curso-de-espanhol-em-osasco,Curso de Espanhol em Osasco - 9vee,2026-05-19,2026-05-19,1
posts/curso-de-espanhol-em-palmas.md,https://www.9vee.com.br/post/curso-de-espanhol-em-palmas,Curso de Espanhol em Palmas - 9vee,2026-04-02,2026-04-16,1
posts/curso-de-espanhol-em-ponta-grossa.md,https://www.9vee.com.br/post/curso-de-espanhol-em-ponta-grossa,Curso de Espanhol em Ponta Grossa - 9vee,2026-05-16,2026-05-18,1
posts/curso-de-espanhol-em-porto-alegre.md,https://www.9vee.com.br/post/curso-de-espanhol-em-porto-alegre,Curso de Espanhol em Porto Alegre - 9vee,2026-03-30,2026-04-17,1
posts/curso-de-espanhol-em-porto-velho.md,https://www.9vee.com.br/post/curso-de-espanhol-em-porto-velho,Curso de Espanhol em Porto Velho - 9vee,2026-04-04,2026-04-16,1
posts/curso-de-espanhol-em-recife.md,https://www.9vee.com.br/post/curso-de-espanhol-em-recife,Curso de Espanhol em Recife - 9vee,2026-04-02,2026-04-17,1
posts/curso-de-espanhol-em-ribeirao-preto.md,https://www.9vee.com.br/post/curso-de-espanhol-em-ribeirao-preto,Curso de Espanhol em Ribeirão Preto - 9vee,2026-05-21,2026-05-21,1
posts/curso-de-espanhol-em-rio-branco.md,https://www.9vee.com.br/post/curso-de-espanhol-em-rio-branco,Curso de Espanhol em Rio Branco - 9vee,2026-07-24,2026-07-24,1
posts/curso-de-espanhol-em-salvador.md,https://www.9vee.com.br/post/curso-de-espanhol-em-salvador,Curso de Espanhol em Salvador - 9vee,2026-04-04,2026-04-16,1
posts/curso-de-espanhol-em-sao-bernardo-do-campo.md,https://www.9vee.com.br/post/curso-de-espanhol-em-sao-bernardo-do-campo,Curso de Espanhol em São Bernardo do Campo - 9vee,2026-06-03,2026-06-03,1
posts/curso-de-espanhol-em-sao-caetano-do-sul.md,https://www.9vee.com.br/post/curso-de-espanhol-em-sao-caetano-do-sul,Curso de Espanhol em São Caetano do Sul - 9vee,2026-05-21,2026-05-21,1
posts/curso-de-espanhol-em-sao-luis.md,https://www.9vee.com.br/post/curso-de-espanhol-em-sao-luis,Curso de Espanhol em São Luís - 9vee,2026-04-04,2026-04-16,1
posts/curso-de-espanhol-em-sorocaba.md,https://www.9vee.com.br/post/curso-de-espanhol-em-sorocaba,Curso de Espanhol em Sorocaba - 9vee,2026-05-20,2026-05-20,1
posts/curso-de-espanhol-em-teresina.md,https://www.9vee.com.br/post/curso-de-espanhol-em-teresina,Curso de Espanhol em Teresina - 9vee,2026-04-02,2026-04-16,1
posts/curso-de-espanhol-em-uberaba.md,https://www.9vee.com.br/post/curso-de-espanhol-em-uberaba,Curso de espanhol em Uberaba - 9vee,2026-05-14,2026-05-14,1
posts/curso-de-espanhol-em-uberlandia.md,https://www.9vee.com.br/post/curso-de-espanhol-em-uberlandia,Curso de Espanhol em Uberlândia - 9vee,2026-04-14,2026-04-14,1
posts/curso-de-espanhol-em-vitoria.md,https://www.9vee.com.br/post/curso-de-espanhol-em-vitoria,Curso de Espanhol em Vitória - 9vee,2026-03-30,2026-04-16,1
posts/curso-de-espanhol-na-av-paulista.md,https://www.9vee.com.br/post/curso-de-espanhol-na-av-paulista,Curso de Espanhol na Av. Paulista - 9vee,2026-05-30,2026-05-30,1
posts/curso-de-espanhol-na-faria-lima.md,https://www.9vee.com.br/post/curso-de-espanhol-na-faria-lima,Curso de Espanhol na Faria Lima - 9vee,2026-05-22,2026-05-22,1
posts/curso-de-espanhol-na-vila-madalena.md,https://www.9vee.com.br/post/curso-de-espanhol-na-vila-madalena,Curso de Espanhol na Vila Madalena - 9vee,2026-06-02,2026-06-02,1
posts/curso-de-espanhol-na-vila-mariana.md,https://www.9vee.com.br/post/curso-de-espanhol-na-vila-mariana,Curso de Espanhol na Vila Mariana - 9vee,2026-05-22,2026-05-22,1
posts/curso-de-espanhol-na-vila-olimpia.md,https://www.9vee.com.br/post/curso-de-espanhol-na-vila-olimpia,Curso de Espanhol na Vila Olímpia - 9vee,2026-05-26,2026-06-01,1
posts/curso-de-espanhol-no-itaim-bibi.md,https://www.9vee.com.br/post/curso-de-espanhol-no-itaim-bibi,Curso de Espanhol no Itaim Bibi - 9vee,2026-05-28,2026-05-28,1
posts/curso-de-espanhol-no-rio-de-janeiro.md,https://www.9vee.com.br/post/curso-de-espanhol-no-rio-de-janeiro,Curso de Espanhol no Rio de Janeiro - 9vee,2026-03-24,2026-04-17,1
posts/curso-de-espanhol-nos-jardins.md,https://www.9vee.com.br/post/curso-de-espanhol-nos-jardins,Curso de Espanhol nos Jardins – 9vee,2026-06-03,2026-06-03,1
posts/curso-de-espanhol-presencial.md,https://www.9vee.com.br/post/curso-de-espanhol-presencial,Curso de Espanhol Presencial - 9vee,2026-03-22,2026-04-17,1
posts/curso-de-frances-em-alphaville.md,https://www.9vee.com.br/post/curso-de-frances-em-alphaville,Curso de Francês em Alphaville - 9vee,2026-04-09,2026-04-17,1
posts/curso-de-frances-em-aracaju.md,https://www.9vee.com.br/post/curso-de-frances-em-aracaju,Curso de Francês em Aracaju - 9vee,2026-08-03,2026-08-03,1
posts/curso-de-frances-em-balneario-camboriu.md,https://www.9vee.com.br/post/curso-de-frances-em-balneario-camboriu,Curso de Francês em Balneário Camboriú - 9vee,2026-08-18,2026-08-18,1
posts/curso-de-frances-em-brasilia.md,https://www.9vee.com.br/post/curso-de-frances-em-brasilia,Curso de Francês em Brasília - 9vee,2026-04-07,2026-04-16,1
posts/curso-de-frances-em-campinas.md,https://www.9vee.com.br/post/curso-de-frances-em-campinas,Curso de Francês em Campinas - 9vee,2026-04-13,2026-04-14,1
posts/curso-de-frances-em-curitiba.md,https://www.9vee.com.br/post/curso-de-frances-em-curitiba,Curso de Francês em Curitiba - 9vee,2026-07-30,2026-07-30,1
posts/curso-de-frances-em-goiania.md,https://www.9vee.com.br/post/curso-de-frances-em-goiania,Curso de Francês em Goiânia - 9vee,2026-05-22,2026-05-22,1
posts/curso-de-frances-em-guarulhos.md,https://www.9vee.com.br/post/curso-de-frances-em-guarulhos,Curso de Francês em Guarulhos - 9vee,2026-07-30,2026-07-30,1
posts/curso-de-frances-em-joinville.md,https://www.9vee.com.br/post/curso-de-frances-em-joinville,Curso de Francês em Joinville - 9vee,2026-08-17,2026-08-17,1
posts/curso-de-frances-em-natal.md,https://www.9vee.com.br/post/curso-de-frances-em-natal,Curso de Francês em Natal - 9vee,2026-08-04,2026-08-04,1
posts/curso-de-frances-em-ribeirao-preto.md,https://www.9vee.com.br/post/curso-de-frances-em-ribeirao-preto,Curso de Francês em Ribeirão Preto - 9vee,2026-06-03,2026-06-03,1
posts/curso-de-frances-em-salvador.md,https://www.9vee.com.br/post/curso-de-frances-em-salvador,Curso de Francês em Salvador - 9vee,2026-04-08,2026-04-17,1
posts/curso-de-frances-em-santo-andre.md,https://www.9vee.com.br/post/curso-de-frances-em-santo-andre,Curso de Francês em Santo André - 9vee,2026-06-06,2026-06-06,1
posts/curso-de-frances-em-sao-jose-dos-campos.md,https://www.9vee.com.br/post/curso-de-frances-em-sao-jose-dos-campos,Curso de Francês em São José dos Campos - 9vee,2026-08-15,2026-08-15,1
posts/curso-de-frances-em-sao-paulo.md,https://www.9vee.com.br/post/curso-de-frances-em-sao-paulo,Curso de Francês em São Paulo - 9vee,2026-03-22,2026-04-16,1
posts/curso-de-frances-em-sorocaba.md,https://www.9vee.com.br/post/curso-de-frances-em-sorocaba,Curso de Francês em Sorocaba - 9vee,2026-07-13,2026-07-13,1
posts/curso-de-frances-na-faria-lima.md,https://www.9vee.com.br/post/curso-de-frances-na-faria-lima,Curso de Francês na Faria Lima - 9vee,2026-07-15,2026-07-15,1
posts/curso-de-frances-na-vila-madalena.md,https://www.9vee.com.br/post/curso-de-frances-na-vila-madalena,Curso de Francês na Vila Madalena - 9vee,2026-06-07,2026-06-07,1
posts/curso-de-frances-na-vila-mariana.md,https://www.9vee.com.br/post/curso-de-frances-na-vila-mariana,Curso de Francês na Vila Mariana - 9vee,2026-06-01,2026-06-01,1
posts/curso-de-frances-na-vila-olimpia.md,https://www.9vee.com.br/post/curso-de-frances-na-vila-olimpia,Curso de Francês na Vila Olímpia - 9vee,2026-06-08,2026-06-08,1
posts/curso-de-holandes-em-aracaju.md,https://www.9vee.com.br/post/curso-de-holandes-em-aracaju,Curso de Holandês em Aracaju - 9vee,2026-07-08,2026-07-08,1
posts/curso-de-holandes-em-belem.md,https://www.9vee.com.br/post/curso-de-holandes-em-belem,Curso de Holandês em Belém - 9vee,2026-07-10,2026-07-10,1
posts/curso-de-holandes-em-belo-horizonte.md,https://www.9vee.com.br/post/curso-de-holandes-em-belo-horizonte,Curso de Holandês em Belo Horizonte - 9vee,2026-04-03,2026-04-17,1
posts/curso-de-holandes-em-blumenau.md,https://www.9vee.com.br/post/curso-de-holandes-em-blumenau,Curso de Holandês em Blumenau - 9vee,2026-07-28,2026-07-28,1
posts/curso-de-holandes-em-boa-vista.md,https://www.9vee.com.br/post/curso-de-holandes-em-boa-vista,Curso de Holandês em Boa Vista - 9vee,2026-04-05,2026-04-16,1
posts/curso-de-holandes-em-brasilia.md,https://www.9vee.com.br/post/curso-de-holandes-em-brasilia,Curso de Holandês em Brasília - 9vee,2026-04-02,2026-04-16,1
posts/curso-de-holandes-em-campinas.md,https://www.9vee.com.br/post/curso-de-holandes-em-campinas,Curso de Holandês em Campinas - 9vee,2026-04-09,2026-04-09,1
posts/curso-de-holandes-em-campo-grande.md,https://www.9vee.com.br/post/curso-de-holandes-em-campo-grande,Curso de Holandês em Campo Grande - 9vee,2026-08-02,2026-08-02,1
posts/curso-de-holandes-em-cuiaba.md,https://www.9vee.com.br/post/curso-de-holandes-em-cuiaba,Curso de Holandês em Cuiabá - 9vee,2026-07-08,2026-07-08,1
posts/curso-de-holandes-em-curitiba.md,https://www.9vee.com.br/post/curso-de-holandes-em-curitiba,Curso de Holandês em Curitiba - 9vee,2026-04-04,2026-04-16,1
posts/curso-de-holandes-em-florianopolis.md,https://www.9vee.com.br/post/curso-de-holandes-em-florianopolis,Curso de Holandês em Florianópolis - 9vee,2026-03-23,2026-04-16,1
posts/curso-de-holandes-em-fortaleza.md,https://www.9vee.com.br/post/curso-de-holandes-em-fortaleza,Curso de Holandês em Fortaleza - 9vee,2026-07-22,2026-07-22,1
posts/curso-de-holandes-em-goiania.md,https://www.9vee.com.br/post/curso-de-holandes-em-goiania,Curso de Holandês em Goiânia - 9vee,2026-05-22,2026-05-22,1
posts/curso-de-holandes-em-joao-pessoa.md,https://www.9vee.com.br/post/curso-de-holandes-em-joao-pessoa,Curso de Holandês em João Pessoa - 9vee,2026-07-23,2026-07-23,1
posts/curso-de-holandes-em-joinville.md,https://www.9vee.com.br/post/curso-de-holandes-em-joinville,Curso de Holandês em Joinville - 9vee,2026-07-28,2026-07-28,1
posts/curso-de-holandes-em-jundiai.md,https://www.9vee.com.br/post/curso-de-holandes-em-jundiai,Curso de Holandês em Jundiaí - 9vee,2026-06-04,2026-06-04,1
posts/curso-de-holandes-em-maceio.md,https://www.9vee.com.br/post/curso-de-holandes-em-maceio,Curso de Holandês em Maceió - 9vee,2026-07-23,2026-07-23,1
posts/curso-de-holandes-em-manaus.md,https://www.9vee.com.br/post/curso-de-holandes-em-manaus,Curso de Holandês em Manaus - 9vee,2026-07-09,2026-07-09,1
posts/curso-de-holandes-em-natal.md,https://www.9vee.com.br/post/curso-de-holandes-em-natal,Curso de Holandês em Natal - 9vee,2026-04-04,2026-04-18,1
posts/curso-de-holandes-em-osasco.md,https://www.9vee.com.br/post/curso-de-holandes-em-osasco,Curso de Holandês em Osasco - 9vee,2026-07-18,2026-07-18,1
posts/curso-de-holandes-em-palmas.md,https://www.9vee.com.br/post/curso-de-holandes-em-palmas,Curso de Holandês em Palmas - 9vee,2026-04-05,2026-04-18,1
posts/curso-de-holandes-em-porto-alegre.md,https://www.9vee.com.br/post/curso-de-holandes-em-porto-alegre,Curso de Holandês em Porto Alegre - 9vee,2026-04-08,2026-04-18,1
posts/curso-de-holandes-em-porto-velho.md,https://www.9vee.com.br/post/curso-de-holandes-em-porto-velho,Curso de Holandês em Porto Velho - 9vee,2026-07-21,2026-07-21,1
posts/curso-de-holandes-em-recife.md,https://www.9vee.com.br/post/curso-de-holandes-em-recife,Curso de Holandês em Recife - 9vee,2026-04-04,2026-04-18,1
posts/curso-de-holandes-em-ribeirao-preto.md,https://www.9vee.com.br/post/curso-de-holandes-em-ribeirao-preto,Curso de Holandês em Ribeirão Preto - 9vee,2026-05-21,2026-05-21,1
posts/curso-de-holandes-em-salvador.md,https://www.9vee.com.br/post/curso-de-holandes-em-salvador,Curso de Holandês em Salvador - 9vee,2026-06-04,2026-06-04,1
posts/curso-de-holandes-em-santo-andre.md,https://www.9vee.com.br/post/curso-de-holandes-em-santo-andre,Curso de Holandês em Santo André - 9vee,2026-06-05,2026-06-05,1
posts/curso-de-holandes-em-sao-jose-dos-campos.md,https://www.9vee.com.br/post/curso-de-holandes-em-sao-jose-dos-campos,Curso de Holandês em São José dos Campos - 9vee,2026-08-15,2026-08-15,1
posts/curso-de-holandes-em-sao-luis.md,https://www.9vee.com.br/post/curso-de-holandes-em-sao-luis,Curso de Holandês em São Luís - 9vee,2026-07-22,2026-07-22,1
posts/curso-de-holandes-em-sao-paulo.md,https://www.9vee.com.br/post/curso-de-holandes-em-sao-paulo,Curso de Holandês em São Paulo - 9vee,2026-03-23,2026-04-17,1
posts/curso-de-holandes-em-sorocaba.md,https://www.9vee.com.br/post/curso-de-holandes-em-sorocaba,Curso de Holandês em Sorocaba - 9vee,2026-07-11,2026-07-11,1
posts/curso-de-holandes-em-uberaba.md,https://www.9vee.com.br/post/curso-de-holandes-em-uberaba,Curso de Holandês em Uberaba - 9vee,2026-07-28,2026-07-28,1
posts/curso-de-holandes-na-av-paulista.md,https://www.9vee.com.br/post/curso-de-holandes-na-av-paulista,Curso de Holandês na Av. Paulista - 9vee,2026-07-14,2026-07-14,1
posts/curso-de-holandes-na-vila-mariana.md,https://www.9vee.com.br/post/curso-de-holandes-na-vila-mariana,Curso de Holandês na Vila Mariana - 9vee,2026-05-27,2026-05-27,1
posts/curso-de-holandes-na-vila-olimpia.md,https://www.9vee.com.br/post/curso-de-holandes-na-vila-olimpia,Curso de Holandês na Vila Olímpia - 9vee,2026-05-27,2026-05-27,1
posts/curso-de-holandes-no-itaim-bibi.md,https://www.9vee.com.br/post/curso-de-holandes-no-itaim-bibi,Curso de Holandês no Itaim Bibi - 9vee,2026-05-28,2026-05-28,1
posts/curso-de-idiomas-em-sao-paulo.md,https://www.9vee.com.br/post/curso-de-idiomas-em-sao-paulo,Curso de Idiomas em São Paulo - 9vee,2026-03-20,2026-04-16,1
posts/curso-de-imersao-em-sao-paulo.md,https://www.9vee.com.br/post/curso-de-imersao-em-sao-paulo,Curso de Imersão em São Paulo - 9vee,2026-03-20,2026-04-16,1
posts/curso-de-ingles-avancado.md,https://www.9vee.com.br/post/curso-de-ingles-avancado,Curso de Inglês Avançado - 9vee,2026-03-21,2026-03-21,1
posts/curso-de-ingles-avancado-em-sp.md,https://www.9vee.com.br/post/curso-de-ingles-avancado-em-sp,Curso de Inglês Avançado em SP - 9vee,2026-03-21,2026-03-21,1
posts/curso-de-ingles-avancado-preco.md,https://www.9vee.com.br/post/curso-de-ingles-avancado-preco,Curso de Inglês Avançado Preço - 9vee,2026-03-21,2026-04-16,1
posts/curso-de-ingles-barato.md,https://www.9vee.com.br/post/curso-de-ingles-barato,Curso de Inglês Barato - 9vee,2026-03-21,2026-03-21,1
posts/curso-de-ingles-business-para-executivos-na-faria-lima.md,https://www.9vee.com.br/post/curso-de-ingles-business-para-executivos-na-faria-lima,Curso de Inglês Business Para Executivos na Faria Lima - 9vee,2026-03-13,2026-03-13,1
posts/curso-de-ingles-cotidiano-e-business-na-vila-olimpia.md,https://www.9vee.com.br/post/curso-de-ingles-cotidiano-e-business-na-vila-olimpia,Curso de Inglês Cotidiano e Business na Vila Olímpia - 9vee,2026-03-19,2026-04-15,1
posts/curso-de-ingles-e-espanhol-para-negocios-em-sao-paulo.md,https://www.9vee.com.br/post/curso-de-ingles-e-espanhol-para-negocios-em-sao-paulo,Curso de Inglês e Espanhol para Negócios em São Paulo - 9vee,2026-03-19,2026-04-15,1
posts/curso-de-ingles-em-alphaville.md,https://www.9vee.com.br/post/curso-de-ingles-em-alphaville,Curso de Inglês em Alphaville - 9vee,2026-03-19,2026-04-15,1
posts/curso-de-ingles-em-aracaju.md,https://www.9vee.com.br/post/curso-de-ingles-em-aracaju,Curso de Inglês em Aracaju - 9vee,2026-03-16,2026-04-15,1
posts/curso-de-ingles-em-balneario-camboriu.md,https://www.9vee.com.br/post/curso-de-ingles-em-balneario-camboriu,Curso de Inglês em Balneário Camboriú - 9vee,2026-04-10,2026-08-17,1
posts/curso-de-ingles-em-belem.md,https://www.9vee.com.br/post/curso-de-ingles-em-belem,Curso de Inglês em Belém - 9vee,2026-03-18,2026-04-15,1
posts/curso-de-ingles-em-belo-horizonte.md,https://www.9vee.com.br/post/curso-de-ingles-em-belo-horizonte,Curso de Inglês em Belo Horizonte - 9vee,2026-03-13,2026-04-14,1
posts/curso-de-ingles-em-bh.md,https://www.9vee.com.br/post/curso-de-ingles-em-bh,Curso de Inglês em BH - 9vee,2026-03-21,2026-04-16,1
posts/curso-de-ingles-em-blumenau.md,https://www.9vee.com.br/post/curso-de-ingles-em-blumenau,Curso de Inglês em Blumenau - 9vee,2026-04-10,2026-04-15,1
posts/curso-de-ingles-em-boa-vista.md,https://www.9vee.com.br/post/curso-de-ingles-em-boa-vista,Curso de Inglês em Boa Vista - 9vee,2026-03-19,2026-04-15,1
posts/curso-de-ingles-em-brasilia.md,https://www.9vee.com.br/post/curso-de-ingles-em-brasilia,Curso de Inglês em Brasília - 9vee,2026-03-13,2026-04-14,1
posts/curso-de-ingles-em-brusque.md,https://www.9vee.com.br/post/curso-de-ingles-em-brusque,Curso de Inglês em Brusque - 9vee,2026-04-10,2026-04-15,1
posts/curso-de-ingles-em-campinas.md,https://www.9vee.com.br/post/curso-de-ingles-em-campinas,Curso de Inglês em Campinas - 9vee,2026-03-19,2026-04-15,1
posts/curso-de-ingles-em-campo-grande.md,https://www.9vee.com.br/post/curso-de-ingles-em-campo-grande,Curso de Inglês em Campo Grande - 9vee,2026-03-16,2026-04-14,1
posts/curso-de-ingles-em-caxias-do-sul.md,https://www.9vee.com.br/post/curso-de-ingles-em-caxias-do-sul,Curso de Inglês em Caxias do Sul - 9vee,2026-04-11,2026-04-15,1
posts/curso-de-ingles-em-cuiaba.md,https://www.9vee.com.br/post/curso-de-ingles-em-cuiaba,Curso de Inglês em Cuiabá - 9vee,2026-03-19,2026-04-15,1
posts/curso-de-ingles-em-curitiba.md,https://www.9vee.com.br/post/curso-de-ingles-em-curitiba,Curso de Inglês em Curitiba - 9vee,2026-03-13,2026-04-14,1
posts/curso-de-ingles-em-florianopolis.md,https://www.9vee.com.br/post/curso-de-ingles-em-florianopolis,Curso de Inglês em Florianópolis - 9vee,2026-03-13,2026-04-14,1
posts/curso-de-ingles-em-fortaleza.md,https://www.9vee.com.br/post/curso-de-ingles-em-fortaleza,Curso de Inglês em Fortaleza - 9vee,2026-03-16,2026-04-14,1
posts/curso-de-ingles-em-goiania.md,https://www.9vee.com.br/post/curso-de-ingles-em-goiania,Curso de Inglês em Goiânia - 9vee,2026-03-15,2026-04-14,1
posts/curso-de-ingles-em-guarulhos.md,https://www.9vee.com.br/post/curso-de-ingles-em-guarulhos,Curso de Inglês em Guarulhos - 9vee,2026-04-11,2026-04-15,1
posts/curso-de-ingles-em-itajai.md,https://www.9vee.com.br/post/curso-de-ingles-em-itajai,Curso de Inglês em Itajaí - 9vee,2026-04-09,2026-04-16,1
posts/curso-de-ingles-em-jaragua-do-sul.md,https://www.9vee.com.br/post/curso-de-ingles-em-jaragua-do-sul,Curso de Inglês em Jaraguá do Sul - 9vee,2026-04-10,2026-04-15,1
posts/curso-de-ingles-em-joao-pessoa.md,https://www.9vee.com.br/post/curso-de-ingles-em-joao-pessoa,Curso de Inglês em João Pessoa - 9vee,2026-03-16,2026-04-15,1
posts/curso-de-ingles-em-joinville.md,https://www.9vee.com.br/post/curso-de-ingles-em-joinville,Curso de Inglês em Joinville - 9vee,2026-04-10,2026-04-15,1
posts/curso-de-ingles-em-jundiai.md,https://www.9vee.com.br/post/curso-de-ingles-em-jundiai,Curso de Inglês em Jundiaí - 9vee,2026-04-12,2026-04-14,1
posts/curso-de-ingles-em-londrina.md,https://www.9vee.com.br/post/curso-de-ingles-em-londrina,Curso de Inglês em Londrina - 9vee,2026-04-11,2026-04-14,1
posts/curso-de-ingles-em-macapa.md,https://www.9vee.com.br/post/curso-de-ingles-em-macapa,Curso de Inglês em Macapá - 9vee,2026-03-21,2026-04-16,1
posts/curso-de-ingles-em-maceio.md,https://www.9vee.com.br/post/curso-de-ingles-em-maceio,Curso de Inglês em Maceió - 9vee,2026-03-16,2026-04-15,1
posts/curso-de-ingles-em-manaus.md,https://www.9vee.com.br/post/curso-de-ingles-em-manaus,Curso de Inglês em Manaus - 9vee,2026-03-18,2026-04-15,1
posts/curso-de-ingles-em-marica.md,https://www.9vee.com.br/post/curso-de-ingles-em-marica,Curso de Inglês em Maricá - 9vee,2026-04-11,2026-04-15,1
posts/curso-de-ingles-em-maringa.md,https://www.9vee.com.br/post/curso-de-ingles-em-maringa,Curso de Inglês em Maringá - 9vee,2026-04-12,2026-04-14,1
posts/curso-de-ingles-em-natal.md,https://www.9vee.com.br/post/curso-de-ingles-em-natal,Curso de Inglês em Natal - 9vee,2026-03-19,2026-04-15,1
posts/curso-de-ingles-em-niteroi.md,https://www.9vee.com.br/post/curso-de-ingles-em-niteroi,Curso de Inglês em Niterói - 9vee,2026-04-11,2026-04-15,1
posts/curso-de-ingles-em-novo-hamburgo.md,https://www.9vee.com.br/post/curso-de-ingles-em-novo-hamburgo,Curso de Inglês em Novo Hamburgo - 9vee,2026-04-11,2026-04-15,1
posts/curso-de-ingles-em-osasco.md,https://www.9vee.com.br/post/curso-de-ingles-em-osasco,Curso de Inglês em Osasco - 9vee,2026-04-11,2026-04-15,1
posts/curso-de-ingles-em-palmas.md,https://www.9vee.com.br/post/curso-de-ingles-em-palmas,Curso de Inglês em Palmas - 9vee,2026-03-19,2026-04-15,1
posts/curso-de-ingles-em-paulinia.md,https://www.9vee.com.br/post/curso-de-ingles-em-paulinia,Curso de Inglês em Paulínia - 9vee,2026-04-12,2026-04-14,1
posts/curso-de-ingles-em-perdizes.md,https://www.9vee.com.br/post/curso-de-ingles-em-perdizes,Curso de Inglês em Perdizes - 9vee,2026-03-19,2026-04-15,1
posts/curso-de-ingles-em-pinheiros.md,https://www.9vee.com.br/post/curso-de-ingles-em-pinheiros,Curso de Inglês em Pinheiros - 9vee,2026-03-19,2026-04-15,1
posts/curso-de-ingles-em-piracicaba.md,https://www.9vee.com.br/post/curso-de-ingles-em-piracicaba,Curso de Inglês em Piracicaba - 9vee,2026-04-11,2026-04-15,1
posts/curso-de-ingles-em-ponta-grossa.md,https://www.9vee.com.br/post/curso-de-ingles-em-ponta-grossa,Curso de Inglês em Ponta Grossa - 9vee,2026-04-13,2026-04-14,1
posts/curso-de-ingles-em-porto-alegre.md,https://www.9vee.com.br/post/curso-de-ingles-em-porto-alegre,Curso de Inglês em Porto Alegre – 9vee,2026-03-16,2026-04-14,2
posts/curso-de-ingles-em-porto-velho.md,https://www.9vee.com.br/post/curso-de-ingles-em-porto-velho,Curso de Inglês em Porto Velho - 9vee,2026-03-16,2026-04-15,1
posts/curso-de-ingles-em-recife.md,https://www.9vee.com.br/post/curso-de-ingles-em-recife,Curso de Inglês em Recife - 9vee,2026-03-16,2026-04-15,1
posts/curso-de-ingles-em-rio-branco.md,https://www.9vee.com.br/post/curso-de-ingles-em-rio-branco,Curso de Inglês em Rio Branco - 9vee,2026-03-19,2026-04-15,1
posts/curso-de-ingles-em-salvador.md,https://www.9vee.com.br/post/curso-de-ingles-em-salvador,Curso de Inglês em Salvador - 9vee,2026-03-14,2026-04-14,1
posts/curso-de-ingles-em-santo-andre.md,https://www.9vee.com.br/post/curso-de-ingles-em-santo-andre,Curso de Inglês em Santo André - 9vee,2026-04-11,2026-04-15,1
posts/curso-de-ingles-em-sao-bernardo-do-campo.md,https://www.9vee.com.br/post/curso-de-ingles-em-sao-bernardo-do-campo,Curso de Inglês em São Bernardo do Campo - 9vee,2026-04-11,2026-04-15,1
posts/curso-de-ingles-em-sao-caetano-do-sul.md,https://www.9vee.com.br/post/curso-de-ingles-em-sao-caetano-do-sul,Curso de Inglês em São Caetano do Sul - 9vee,2026-04-10,2026-04-15,1
posts/curso-de-ingles-em-sao-jose-dos-pinhais.md,https://www.9vee.com.br/post/curso-de-ingles-em-sao-jose-dos-pinhais,Curso de Inglês em São José dos Pinhais - 9vee,2026-04-12,2026-04-14,1
posts/curso-de-ingles-em-sao-luis.md,https://www.9vee.com.br/post/curso-de-ingles-em-sao-luis,Curso de Inglês em São Luís - 9vee,2026-03-19,2026-04-15,1
posts/curso-de-ingles-em-saquarema.md,https://www.9vee.com.br/post/curso-de-ingles-em-saquarema,Curso de Inglês em Saquarema - 9vee,2026-04-12,2026-04-14,1
posts/curso-de-ingles-em-sorocaba.md,https://www.9vee.com.br/post/curso-de-ingles-em-sorocaba,Curso de Inglês em Sorocaba - 9vee,2026-04-10,2026-04-15,1
posts/curso-de-ingles-em-teresina.md,https://www.9vee.com.br/post/curso-de-ingles-em-teresina,Curso de Inglês em Teresina - 9vee,2026-03-18,2026-04-15,1
posts/curso-de-ingles-em-uberaba.md,https://www.9vee.com.br/post/curso-de-ingles-em-uberaba,Curso de Inglês em Uberaba - 9vee,2026-04-14,2026-04-14,1
posts/curso-de-ingles-em-uberlandia.md,https://www.9vee.com.br/post/curso-de-ingles-em-uberlandia,Curso de Inglês em Uberlândia - 9vee,2026-04-10,2026-04-15,1
posts/curso-de-ingles-em-vitoria.md,https://www.9vee.com.br/post/curso-de-ingles-em-vitoria,Curso de Inglês em Vitória - 9vee,2026-03-16,2026-04-14,1
posts/curso-de-ingles-especial-para-kids-em-sao-paulo.md,https://www.9vee.com.br/post/curso-de-ingles-especial-para-kids-em-sao-paulo,Curso de Inglês Especial Para Kids em São Paulo - 9vee,2026-03-19,2026-04-16,1
posts/curso-de-ingles-melhor-preco.md,https://www.9vee.com.br/post/curso-de-ingles-melhor-preco,Curso de Inglês Melhor Preço - 9vee,2026-03-21,2026-03-21,1
posts/curso-de-ingles-menor-preco.md,https://www.9vee.com.br/post/curso-de-ingles-menor-preco,Curso de Inglês Menor Preço - 9vee,2026-03-21,2026-03-21,1
posts/curso-de-ingles-na-vila-madalena.md,https://www.9vee.com.br/post/curso-de-ingles-na-vila-madalena,Curso de Inglês na Vila Madalena - 9vee,2026-06-01,2026-06-01,1
posts/curso-de-ingles-na-vila-mariana.md,https://www.9vee.com.br/post/curso-de-ingles-na-vila-mariana,Curso de inglês na Vila Mariana - 9vee,2026-03-12,2026-04-14,1
posts/curso-de-ingles-no-abc.md,https://www.9vee.com.br/post/curso-de-ingles-no-abc,Curso de Inglês no ABC - 9vee,2026-03-16,2026-04-18,1
posts/curso-de-ingles-no-itaim-bibi.md,https://www.9vee.com.br/post/curso-de-ingles-no-itaim-bibi,Curso de Inglês no Itaim Bibi - 9vee,2026-05-25,2026-06-01,1
posts/curso-de-ingles-no-morumbi.md,https://www.9vee.com.br/post/curso-de-ingles-no-morumbi,Curso de Inglês no Morumbi - 9vee,2026-03-20,2026-04-15,1
posts/curso-de-ingles-no-rio-de-janeiro.md,https://www.9vee.com.br/post/curso-de-ingles-no-rio-de-janeiro,Curso de Inglês no Rio de Janeiro - 9vee,2026-03-21,2026-04-16,1
posts/curso-de-ingles-no-rj.md,https://www.9vee.com.br/post/curso-de-ingles-no-rj,Curso de Inglês no RJ - 9vee,2026-03-21,2026-04-16,1
posts/curso-de-ingles-no-tatuape.md,https://www.9vee.com.br/post/curso-de-ingles-no-tatuape,Curso de Inglês no Tatuapé - 9vee,2026-03-20,2026-04-15,1
posts/curso-de-ingles-nos-jardins.md,https://www.9vee.com.br/post/curso-de-ingles-nos-jardins,Curso de Inglês nos Jardins - 9vee,2026-03-20,2026-04-15,1
posts/curso-de-ingles-para-entrevistas.md,https://www.9vee.com.br/post/curso-de-ingles-para-entrevistas,Curso de Inglês para Entrevistas - 9vee,2026-03-20,2026-03-20,1
posts/curso-de-ingles-para-teens-em-sao-paulo.md,https://www.9vee.com.br/post/curso-de-ingles-para-teens-em-sao-paulo,Curso de Inglês para Teens em São Paulo - 9vee,2026-03-21,2026-04-16,1
posts/curso-de-ingles-preco.md,https://www.9vee.com.br/post/curso-de-ingles-preco,Curso de Inglês Preço - 9vee,2026-03-21,2026-04-16,1
posts/curso-de-ingles-ribeirao-preto.md,https://www.9vee.com.br/post/curso-de-ingles-ribeirao-preto,Curso de Inglês Ribeirão Preto - 9vee,2026-04-09,2026-04-16,1
posts/curso-de-ingles-sao-jose-dos-campos.md,https://www.9vee.com.br/post/curso-de-ingles-sao-jose-dos-campos,Curso de Inglês São José dos Campos - 9vee,2026-04-09,2026-04-16,1
posts/curso-de-italiano-em-balneario-camboriu.md,https://www.9vee.com.br/post/curso-de-italiano-em-balneario-camboriu,Curso de Italiano em Balneário Camboriú - 9vee,2026-08-18,2026-08-18,1
posts/curso-de-italiano-em-belem.md,https://www.9vee.com.br/post/curso-de-italiano-em-belem,Curso de Italiano em Belém - 9vee,2026-07-30,2026-07-30,1
posts/curso-de-italiano-em-belo-horizonte.md,https://www.9vee.com.br/post/curso-de-italiano-em-belo-horizonte,Curso de Italiano em Belo Horizonte - 9vee,2026-04-13,2026-04-14,1
posts/curso-de-italiano-em-brasilia.md,https://www.9vee.com.br/post/curso-de-italiano-em-brasilia,Curso de Italiano em Brasília - 9vee,2026-04-05,2026-04-16,1
posts/curso-de-italiano-em-campinas.md,https://www.9vee.com.br/post/curso-de-italiano-em-campinas,Curso de Italiano em Campinas - 9vee,2026-04-09,2026-04-17,1
posts/curso-de-italiano-em-campo-grande.md,https://www.9vee.com.br/post/curso-de-italiano-em-campo-grande,Curso de Italiano em Campo Grande - 9vee,2026-04-08,2026-04-18,1
posts/curso-de-italiano-em-curitiba.md,https://www.9vee.com.br/post/curso-de-italiano-em-curitiba,Curso de Italiano em Curitiba - 9vee,2026-04-08,2026-04-16,1
posts/curso-de-italiano-em-florianopolis.md,https://www.9vee.com.br/post/curso-de-italiano-em-florianopolis,Curso de Italiano em Florianópolis - 9vee,2026-08-04,2026-08-04,1
posts/curso-de-italiano-em-goiania.md,https://www.9vee.com.br/post/curso-de-italiano-em-goiania,Curso de Italiano em Goiânia - 9vee,2026-07-26,2026-07-26,1
posts/curso-de-italiano-em-jundiai.md,https://www.9vee.com.br/post/curso-de-italiano-em-jundiai,Curso de Italiano em Jundiaí - 9vee,2026-07-29,2026-07-29,1
posts/curso-de-italiano-em-manaus.md,https://www.9vee.com.br/post/curso-de-italiano-em-manaus,Curso de Italiano em Manaus - 9vee,2026-08-02,2026-08-02,1
posts/curso-de-italiano-em-palmas.md,https://www.9vee.com.br/post/curso-de-italiano-em-palmas,Curso de Italiano em Palmas - 9vee,2026-08-04,2026-08-04,1
posts/curso-de-italiano-em-porto-alegre.md,https://www.9vee.com.br/post/curso-de-italiano-em-porto-alegre,Curso de Italiano em Porto Alegre - 9vee,2026-04-08,2026-04-17,1
posts/curso-de-italiano-em-recife.md,https://www.9vee.com.br/post/curso-de-italiano-em-recife,Curso de Italiano em Recife - 9vee,2026-08-05,2026-08-05,1
posts/curso-de-italiano-em-ribeirao-preto.md,https://www.9vee.com.br/post/curso-de-italiano-em-ribeirao-preto,Curso de Italiano em Ribeirão Preto - 9vee,2026-08-04,2026-08-04,1
posts/curso-de-italiano-em-salvador.md,https://www.9vee.com.br/post/curso-de-italiano-em-salvador,Curso de Italiano em Salvador - 9vee,2026-04-13,2026-04-14,1
posts/curso-de-italiano-em-sao-jose-dos-campos.md,https://www.9vee.com.br/post/curso-de-italiano-em-sao-jose-dos-campos,Curso de Italiano em São José dos Campos - 9vee,2026-08-15,2026-08-15,1
posts/curso-de-italiano-em-sao-paulo.md,https://www.9vee.com.br/post/curso-de-italiano-em-sao-paulo,Curso de Italiano em São Paulo - 9vee,2026-03-23,2026-04-17,1
posts/curso-de-italiano-em-sorocaba.md,https://www.9vee.com.br/post/curso-de-italiano-em-sorocaba,Curso de Italiano em Sorocaba - 9vee,2026-07-29,2026-07-29,1
posts/curso-de-italiano-em-teresina.md,https://www.9vee.com.br/post/curso-de-italiano-em-teresina,Curso de Italiano em Teresina - 9vee,2026-08-05,2026-08-05,1
posts/curso-de-italiano-em-uberlandia.md,https://www.9vee.com.br/post/curso-de-italiano-em-uberlandia,Curso de Italiano em Uberlândia - 9vee,2026-07-29,2026-07-29,1
posts/curso-de-linguas-em-sao-paulo.md,https://www.9vee.com.br/post/curso-de-linguas-em-sao-paulo,Curso de Línguas em São Paulo - 9vee,2026-03-20,2026-04-16,1
posts/curso-de-mandarim-no-rio-de-janeiro.md,https://www.9vee.com.br/post/curso-de-mandarim-no-rio-de-janeiro,Curso de Mandarim no Rio de Janeiro - 9vee,2026-04-02,2026-04-16,1
posts/curso-de-particular-chines-em-curitiba.md,https://www.9vee.com.br/post/curso-de-particular-chines-em-curitiba,Curso de Particular Chinês em Curitiba - 9vee,2026-05-05,2026-05-05,1
posts/curso-de-particular-chines-em-porto-alegre.md,https://www.9vee.com.br/post/curso-de-particular-chines-em-porto-alegre,Curso de Particular Chinês em Porto Alegre - 9vee,2026-05-06,2026-05-06,1
posts/curso-holandes-em-teresina.md,https://www.9vee.com.br/post/curso-holandes-em-teresina,Curso Holandês em Teresina - 9vee,2026-07-07,2026-07-07,1
posts/curso-holandes-na-faria-lima.md,https://www.9vee.com.br/post/curso-holandes-na-faria-lima,Curso Holandês na Faria Lima - 9vee,2026-07-04,2026-07-04,1
posts/curso-ingles-na-av-paulista.md,https://www.9vee.com.br/post/curso-ingles-na-av-paulista,Curso de Inglês na Av. Paulista - 9vee,2026-03-12,2026-04-14,1
posts/curso-intensivo-de-ingles.md,https://www.9vee.com.br/post/curso-intensivo-de-ingles,Curso Intensivo de Inglês - 9vee,2026-03-21,2026-04-16,1
posts/curso-intensivo-de-ingles-em-sp.md,https://www.9vee.com.br/post/curso-intensivo-de-ingles-em-sp,Curso Intensivo de Inglês em SP - 9vee,2026-03-21,2026-04-16,1
posts/curso-intensivo-de-ingles-preco.md,https://www.9vee.com.br/post/curso-intensivo-de-ingles-preco,Curso Intensivo de Inglês Preço - 9vee,2026-03-21,2026-06-07,1
posts/curso-particular-de-alemao-em-sao-paulo.md,https://www.9vee.com.br/post/curso-particular-de-alemao-em-sao-paulo,Curso Particular de Alemão em São Paulo - 9vee,2026-03-22,2026-04-17,1
posts/curso-particular-de-arabe-em-sao-paulo.md,https://www.9vee.com.br/post/curso-particular-de-arabe-em-sao-paulo,Curso Particular de Árabe em São Paulo - 9vee,2026-04-03,2026-04-17,1
posts/curso-particular-de-arabe-no-rio-de-janeiro.md,https://www.9vee.com.br/post/curso-particular-de-arabe-no-rio-de-janeiro,Curso Particular de Árabe no Rio de Janeiro – 9vee,2026-05-22,2026-05-22,1
posts/curso-particular-de-chines-em-alphaville.md,https://www.9vee.com.br/post/curso-particular-de-chines-em-alphaville,Curso Particular de Chinês em Alphaville - 9vee,2026-05-24,2026-05-24,1
posts/curso-particular-de-chines-em-aracaju.md,https://www.9vee.com.br/post/curso-particular-de-chines-em-aracaju,Curso Particular de Chinês em Aracaju - 9vee,2026-07-24,2026-07-24,1
posts/curso-particular-de-chines-em-balneario-camboriu.md,https://www.9vee.com.br/post/curso-particular-de-chines-em-balneario-camboriu,Curso Particular de Chinês em Balneário Camboriú - 9vee,2026-08-19,2026-08-19,1
posts/curso-particular-de-chines-em-belo-horizonte.md,https://www.9vee.com.br/post/curso-particular-de-chines-em-belo-horizonte,Curso Particular de Chinês em Belo Horizonte - 9vee,2026-04-04,2026-04-16,1
posts/curso-particular-de-chines-em-brasilia.md,https://www.9vee.com.br/post/curso-particular-de-chines-em-brasilia,Curso Particular de Chinês em Brasília - 9vee,2026-05-09,2026-05-09,1
posts/curso-particular-de-chines-em-campinas.md,https://www.9vee.com.br/post/curso-particular-de-chines-em-campinas,Curso Particular de Chinês em Campinas - 9vee,2026-04-14,2026-04-14,1
posts/curso-particular-de-chines-em-campo-grande.md,https://www.9vee.com.br/post/curso-particular-de-chines-em-campo-grande,Curso Particular de Chinês em Campo Grande - 9vee,2026-05-17,2026-05-17,1
posts/curso-particular-de-chines-em-goiania.md,https://www.9vee.com.br/post/curso-particular-de-chines-em-goiania,Curso Particular de Chinês em Goiânia - 9vee,2026-05-11,2026-05-11,1
posts/curso-particular-de-chines-em-joao-pessoa.md,https://www.9vee.com.br/post/curso-particular-de-chines-em-joao-pessoa,Curso Particular de Chinês em João Pessoa - 9vee,2026-07-24,2026-07-24,1
posts/curso-particular-de-chines-em-joinville.md,https://www.9vee.com.br/post/curso-particular-de-chines-em-joinville,Curso Particular de Chinês em Joinville - 9vee,2026-06-07,2026-06-07,1
posts/curso-particular-de-chines-em-jundiai.md,https://www.9vee.com.br/post/curso-particular-de-chines-em-jundiai,Curso Particular de Chinês em Jundiaí - 9vee,2026-04-14,2026-04-14,1
posts/curso-particular-de-chines-em-londrina.md,https://www.9vee.com.br/post/curso-particular-de-chines-em-londrina,Curso Particular de Chinês em Londrina - 9vee,2026-05-18,2026-05-19,1
posts/curso-particular-de-chines-em-niteroi.md,https://www.9vee.com.br/post/curso-particular-de-chines-em-niteroi,Curso Particular de Chinês em Niterói - 9vee,2026-05-20,2026-05-20,1
posts/curso-particular-de-chines-em-palmas.md,https://www.9vee.com.br/post/curso-particular-de-chines-em-palmas,Curso Particular de Chinês em Palmas - 9vee,2026-07-23,2026-07-23,1
posts/curso-particular-de-chines-em-ribeirao-preto.md,https://www.9vee.com.br/post/curso-particular-de-chines-em-ribeirao-preto,Curso Particular de Chinês em Ribeirão Preto - 9vee,2026-05-29,2026-06-01,1
posts/curso-particular-de-chines-em-salvador.md,https://www.9vee.com.br/post/curso-particular-de-chines-em-salvador,Curso Particular de Chinês em Salvador - 9vee,2026-04-14,2026-04-18,1
posts/curso-particular-de-chines-em-santo-andre.md,https://www.9vee.com.br/post/curso-particular-de-chines-em-santo-andre,Curso Particular de Chinês em Santo André - 9vee,2026-05-20,2026-05-20,1
posts/curso-particular-de-chines-em-sao-jose-dos-campos.md,https://www.9vee.com.br/post/curso-particular-de-chines-em-sao-jose-dos-campos,Curso de Particular Chinês em São José dos Campos - 9vee,2026-04-14,2026-04-15,1
posts/curso-particular-de-chines-em-sao-luis.md,https://www.9vee.com.br/post/curso-particular-de-chines-em-sao-luis,Curso Particular de Chinês em São Luís - 9vee,2026-05-22,2026-07-28,1
posts/curso-particular-de-chines-em-sao-paulo.md,https://www.9vee.com.br/post/curso-particular-de-chines-em-sao-paulo,Curso Particular de Chinês em São Paulo - 9vee,2026-03-23,2026-04-17,1
posts/curso-particular-de-chines-em-sorocaba.md,https://www.9vee.com.br/post/curso-particular-de-chines-em-sorocaba,Curso Particular de Chinês em Sorocaba - 9vee,2026-05-18,2026-05-18,1
posts/curso-particular-de-chines-em-teresina.md,https://www.9vee.com.br/post/curso-particular-de-chines-em-teresina,Curso Particular de Chinês em Teresina - 9vee,2026-07-25,2026-07-25,1
posts/curso-particular-de-chines-em-vitoria.md,https://www.9vee.com.br/post/curso-particular-de-chines-em-vitoria,Curso Particular de Chinês em Vitória - 9vee,2026-05-12,2026-05-12,1
posts/curso-particular-de-chines-na-av-paulista.md,https://www.9vee.com.br/post/curso-particular-de-chines-na-av-paulista,Curso Particular de Chinês na Av. Paulista - 9vee,2026-05-25,2026-06-01,1
posts/curso-particular-de-chines-na-faria-lima.md,https://www.9vee.com.br/post/curso-particular-de-chines-na-faria-lima,Curso Particular de Chinês na Faria Lima - 9vee,2026-05-23,2026-06-01,1
posts/curso-particular-de-chines-na-vila-madalena.md,https://www.9vee.com.br/post/curso-particular-de-chines-na-vila-madalena,Curso Particular de Chinês na Vila Madalena – 9vee,2026-07-11,2026-07-11,1
posts/curso-particular-de-chines-na-vila-mariana.md,https://www.9vee.com.br/post/curso-particular-de-chines-na-vila-mariana,Curso Particular de Chinês na Vila Mariana - 9vee,2026-05-25,2026-06-01,1
posts/curso-particular-de-chines-na-vila-olimpia.md,https://www.9vee.com.br/post/curso-particular-de-chines-na-vila-olimpia,Curso Particular de Chinês na Vila Olímpia - 9vee,2026-05-26,2026-05-26,1
posts/curso-particular-de-chines-no-itaim-bibi.md,https://www.9vee.com.br/post/curso-particular-de-chines-no-itaim-bibi,Curso Particular de Chinês no Itaim Bibi - 9vee,2026-05-25,2026-07-28,1
posts/curso-particular-de-chines-no-rio-de-janeiro.md,https://www.9vee.com.br/post/curso-particular-de-chines-no-rio-de-janeiro,Curso Particular de Chinês no Rio de Janeiro - 9vee,2026-04-04,2026-04-16,1
posts/curso-particular-de-chines-nos-jardins.md,https://www.9vee.com.br/post/curso-particular-de-chines-nos-jardins,Curso Particular de Chinês nos Jardins - 9vee,2026-06-07,2026-06-07,1
posts/curso-particular-de-espanhol-em-sao-paulo.md,https://www.9vee.com.br/post/curso-particular-de-espanhol-em-sao-paulo,Curso Particular de Espanhol em São Paulo - 9vee,2026-03-22,2026-04-17,1
posts/curso-particular-de-frances-em-sao-paulo.md,https://www.9vee.com.br/post/curso-particular-de-frances-em-sao-paulo,Curso Particular de Francês em São Paulo - 9vee,2026-03-22,2026-04-17,1
posts/curso-particular-de-japones-em-balneario-camboriu.md,https://www.9vee.com.br/post/curso-particular-de-japones-em-balneario-camboriu,Curso Particular de Japonês em Balneário Camboriú - 9vee,2026-08-18,2026-08-18,1
posts/curso-particular-de-japones-em-belem.md,https://www.9vee.com.br/post/curso-particular-de-japones-em-belem,Curso Particular de Japonês em Belém - 9vee,2026-08-01,2026-08-01,1
posts/curso-particular-de-japones-em-belo-horizonte.md,https://www.9vee.com.br/post/curso-particular-de-japones-em-belo-horizonte,Curso Particular de Japonês em Belo Horizonte - 9vee,2026-07-31,2026-07-31,1
posts/curso-particular-de-japones-em-brasilia.md,https://www.9vee.com.br/post/curso-particular-de-japones-em-brasilia,Curso Particular de Japonês em Brasília - 9vee,2026-07-30,2026-07-30,1
posts/curso-particular-de-japones-em-campinas.md,https://www.9vee.com.br/post/curso-particular-de-japones-em-campinas,Curso Particular de Japonês em Campinas - 9vee,2026-07-25,2026-07-25,1
posts/curso-particular-de-japones-em-campo-grande.md,https://www.9vee.com.br/post/curso-particular-de-japones-em-campo-grande,Curso Particular de Japonês em Campo Grande - 9vee,2026-08-01,2026-08-01,1
posts/curso-particular-de-japones-em-curitiba.md,https://www.9vee.com.br/post/curso-particular-de-japones-em-curitiba,Curso Particular de Japonês em Curitiba - 9vee,2026-07-28,2026-07-28,1
posts/curso-particular-de-japones-em-florianopolis.md,https://www.9vee.com.br/post/curso-particular-de-japones-em-florianopolis,Curso Particular de Japonês em Florianópolis - 9vee,2026-07-31,2026-07-31,1
posts/curso-particular-de-japones-em-goiania.md,https://www.9vee.com.br/post/curso-particular-de-japones-em-goiania,Curso Particular de Japonês em Goiânia - 9vee,2026-07-31,2026-07-31,1
posts/curso-particular-de-japones-em-joinville.md,https://www.9vee.com.br/post/curso-particular-de-japones-em-joinville,Curso Particular de Japonês em Joinville - 9vee,2026-08-17,2026-08-17,1
posts/curso-particular-de-japones-em-manaus.md,https://www.9vee.com.br/post/curso-particular-de-japones-em-manaus,Curso Particular de Japonês em Manaus - 9vee,2026-08-01,2026-08-01,1
posts/curso-particular-de-japones-em-porto-alegre.md,https://www.9vee.com.br/post/curso-particular-de-japones-em-porto-alegre,Curso Particular de Japonês em Porto Alegre - 9vee,2026-07-31,2026-07-31,1
posts/curso-particular-de-japones-em-recife.md,https://www.9vee.com.br/post/curso-particular-de-japones-em-recife,Curso Particular de Japonês em Recife - 9vee,2026-07-31,2026-07-31,1
posts/curso-particular-de-japones-em-ribeirao-preto.md,https://www.9vee.com.br/post/curso-particular-de-japones-em-ribeirao-preto,Curso Particular de Japonês em Ribeirão Preto - 9vee,2026-07-31,2026-07-31,1
posts/curso-particular-de-japones-em-sao-jose-dos-campos.md,https://www.9vee.com.br/post/curso-particular-de-japones-em-sao-jose-dos-campos,Curso Particular de Japonês em São José dos Campos - 9vee,2026-08-17,2026-08-17,1
posts/curso-particular-de-japones-em-sao-paulo.md,https://www.9vee.com.br/post/curso-particular-de-japones-em-sao-paulo,Curso Particular de Japonês em São Paulo - 9vee,2026-07-25,2026-07-25,1
posts/curso-particular-de-japones-em-sorocaba.md,https://www.9vee.com.br/post/curso-particular-de-japones-em-sorocaba,Curso Particular de Japonês em Sorocaba - 9vee,2026-07-31,2026-07-31,1
posts/curso-particular-de-japones-em-teresina.md,https://www.9vee.com.br/post/curso-particular-de-japones-em-teresina,Curso Particular de Japonês em Teresina - 9vee,2026-08-01,2026-08-01,1
posts/curso-particular-de-linguas-em-sao-paulo.md,https://www.9vee.com.br/post/curso-particular-de-linguas-em-sao-paulo,Curso Particular de Línguas em São Paulo - 9vee,2026-03-19,2026-04-15,1
posts/curso-particular-de-mandarim-em-sao-paulo.md,https://www.9vee.com.br/post/curso-particular-de-mandarim-em-sao-paulo,Curso Particular de Mandarim em São Paulo - 9vee,2026-03-23,2026-04-17,1
posts/curso-particular-de-noruegues-em-balneario-camboriu.md,https://www.9vee.com.br/post/curso-particular-de-noruegues-em-balneario-camboriu,Curso Particular de Norueguês em Balneário Camboriú - 9vee,2026-08-19,2026-08-19,1
posts/curso-particular-de-noruegues-em-belo-horizonte.md,https://www.9vee.com.br/post/curso-particular-de-noruegues-em-belo-horizonte,Curso Particular de Norueguês em Belo Horizonte - 9vee,2026-04-14,2026-04-14,1
posts/curso-particular-de-noruegues-em-brasilia.md,https://www.9vee.com.br/post/curso-particular-de-noruegues-em-brasilia,Curso Particular de Norueguês em Brasília - 9vee,2026-06-19,2026-06-19,1
posts/curso-particular-de-noruegues-em-campinas.md,https://www.9vee.com.br/post/curso-particular-de-noruegues-em-campinas,Curso Particular de Norueguês em Campinas - 9vee,2026-06-19,2026-06-19,1
posts/curso-particular-de-noruegues-em-curitiba.md,https://www.9vee.com.br/post/curso-particular-de-noruegues-em-curitiba,Curso Particular de Norueguês em Curitiba - 9vee,2026-06-18,2026-06-18,1
posts/curso-particular-de-noruegues-em-florianopolis.md,https://www.9vee.com.br/post/curso-particular-de-noruegues-em-florianopolis,Curso Particular de Norueguês em Florianópolis - 9vee,2026-06-18,2026-06-18,1
posts/curso-particular-de-noruegues-em-jundiai.md,https://www.9vee.com.br/post/curso-particular-de-noruegues-em-jundiai,Curso Particular de Norueguês em Jundiaí - 9vee,2026-06-20,2026-06-20,1
posts/curso-particular-de-noruegues-em-ribeirao-preto.md,https://www.9vee.com.br/post/curso-particular-de-noruegues-em-ribeirao-preto,Curso Particular de Norueguês em Ribeirão Preto - 9vee,2026-06-20,2026-06-20,1
posts/curso-particular-de-noruegues-em-salvador.md,https://www.9vee.com.br/post/curso-particular-de-noruegues-em-salvador,Curso Particular de Norueguês em Salvador - 9vee,2026-07-24,2026-07-24,1
posts/curso-particular-de-noruegues-em-sao-paulo.md,https://www.9vee.com.br/post/curso-particular-de-noruegues-em-sao-paulo,Curso Particular de Norueguês em São Paulo - 9vee,2026-03-23,2026-04-17,1
posts/curso-particular-de-noruegues-em-sorocaba.md,https://www.9vee.com.br/post/curso-particular-de-noruegues-em-sorocaba,Curso Particular de Norueguês em Sorocaba – 9vee,2026-07-12,2026-07-12,1
posts/curso-particular-de-noruegues-no-rio-de-janeiro.md,https://www.9vee.com.br/post/curso-particular-de-noruegues-no-rio-de-janeiro,Curso Particular de Norueguês no Rio de Janeiro - 9vee,2026-06-17,2026-06-17,1
posts/curso-particular-de-portugues-para-estrangeiros-em-sao-paulo.md,https://www.9vee.com.br/post/curso-particular-de-portugues-para-estrangeiros-em-sao-paulo,Curso Particular de Português para Estrangeiros em São Paulo - 9vee,2026-03-23,2026-04-17,1
posts/curso-particular-de-russo-em-sao-paulo.md,https://www.9vee.com.br/post/curso-particular-de-russo-em-sao-paulo,Curso Particular de Russo em São Paulo - 9vee,2026-03-23,2026-04-17,1
posts/curso-particular-de-sueco-em-balneario-camboriu.md,https://www.9vee.com.br/post/curso-particular-de-sueco-em-balneario-camboriu,Curso Particular de Sueco em Balneário Camboriú - 9vee,2026-08-18,2026-08-18,1
posts/curso-particular-de-sueco-em-belo-horizonte.md,https://www.9vee.com.br/post/curso-particular-de-sueco-em-belo-horizonte,Curso Particular de Sueco em Belo Horizonte - 9vee,2026-06-18,2026-06-18,1
posts/curso-particular-de-sueco-em-brasilia.md,https://www.9vee.com.br/post/curso-particular-de-sueco-em-brasilia,Curso Particular de Sueco em Brasília - 9vee,2026-07-25,2026-07-25,1
posts/curso-particular-de-sueco-em-campinas.md,https://www.9vee.com.br/post/curso-particular-de-sueco-em-campinas,Curso Particular de Sueco em Campinas - 9vee,2026-07-11,2026-07-11,1
posts/curso-particular-de-sueco-em-curitiba.md,https://www.9vee.com.br/post/curso-particular-de-sueco-em-curitiba,Curso Particular de Sueco em Curitiba - 9vee,2026-06-18,2026-06-18,1
posts/curso-particular-de-sueco-em-florianopolis.md,https://www.9vee.com.br/post/curso-particular-de-sueco-em-florianopolis,Curso Particular de Sueco em Florianópolis - 9vee,2026-06-18,2026-06-18,1
posts/curso-particular-de-sueco-em-goiania.md,https://www.9vee.com.br/post/curso-particular-de-sueco-em-goiania,Curso Particular de Sueco em Goiânia - 9vee,2026-07-27,2026-07-27,1
posts/curso-particular-de-sueco-em-ribeirao-preto.md,https://www.9vee.com.br/post/curso-particular-de-sueco-em-ribeirao-preto,Curso Particular de Sueco em Ribeirão Preto - 9vee,2026-07-28,2026-07-28,1
posts/curso-particular-de-sueco-em-salvador.md,https://www.9vee.com.br/post/curso-particular-de-sueco-em-salvador,Curso Particular de Sueco em Salvador - 9vee,2026-07-24,2026-07-24,1
posts/curso-particular-de-sueco-em-sao-paulo.md,https://www.9vee.com.br/post/curso-particular-de-sueco-em-sao-paulo,Curso Particular de Sueco em São Paulo - 9vee,2026-03-23,2026-04-17,1
posts/curso-particular-de-sueco-em-sorocaba.md,https://www.9vee.com.br/post/curso-particular-de-sueco-em-sorocaba,Curso Particular de Sueco em Sorocaba - 9vee,2026-07-13,2026-07-13,1
posts/curso-particular-de-sueco-no-rio-de-janeiro.md,https://www.9vee.com.br/post/curso-particular-de-sueco-no-rio-de-janeiro,Curso Particular de Sueco no Rio de Janeiro - 9vee,2026-06-18,2026-06-18,1
posts/curso-preparatorio-inburgering-em-aracaju.md,https://www.9vee.com.br/post/curso-preparatorio-inburgering-em-aracaju,Curso Preparatório para o Inburgering em Aracaju - 9vee,2026-08-28,2026-08-28,1
posts/curso-preparatorio-inburgering-em-belem.md,https://www.9vee.com.br/post/curso-preparatorio-inburgering-em-belem,Curso Preparatório para o Inburgering em Belém - 9vee,2026-08-26,2026-08-26,1
posts/curso-preparatorio-inburgering-em-boa-vista.md,https://www.9vee.com.br/post/curso-preparatorio-inburgering-em-boa-vista,Curso Preparatório para o Inburgering em Boa Vista - 9vee,2026-09-01,2026-09-01,1
posts/curso-preparatorio-inburgering-em-brasilia.md,https://www.9vee.com.br/post/curso-preparatorio-inburgering-em-brasilia,Curso Preparatório para o Inburgering em Brasília - 9vee,2026-08-21,2026-08-21,1
posts/curso-preparatorio-inburgering-em-campinas.md,https://www.9vee.com.br/post/curso-preparatorio-inburgering-em-campinas,Curso Preparatório para o Inburgering em Campinas - 9vee,2026-08-21,2026-08-21,1
posts/curso-preparatorio-inburgering-em-campo-grande.md,https://www.9vee.com.br/post/curso-preparatorio-inburgering-em-campo-grande,Curso Preparatório para o Inburgering em Campo Grande - 9vee,2026-08-25,2026-08-25,1
posts/curso-preparatorio-inburgering-em-cuiaba.md,https://www.9vee.com.br/post/curso-preparatorio-inburgering-em-cuiaba,Curso Preparatório para o Inburgering em Cuiabá - 9vee,2026-08-28,2026-08-28,1
posts/curso-preparatorio-inburgering-em-curitiba.md,https://www.9vee.com.br/post/curso-preparatorio-inburgering-em-curitiba,Curso Preparatório para o Inburgering em Curitiba - 9vee,2026-08-21,2026-08-21,1
posts/curso-preparatorio-inburgering-em-florianopolis.md,https://www.9vee.com.br/post/curso-preparatorio-inburgering-em-florianopolis,Curso Preparatório para o Inburgering em Florianópolis - 9vee,2026-08-22,2026-08-22,1
posts/curso-preparatorio-inburgering-em-fortaleza.md,https://www.9vee.com.br/post/curso-preparatorio-inburgering-em-fortaleza,Curso Preparatório para o Inburgering em Fortaleza - 9vee,2026-08-27,2026-08-27,1
posts/curso-preparatorio-inburgering-em-goiania.md,https://www.9vee.com.br/post/curso-preparatorio-inburgering-em-goiania,Curso Preparatório para o Inburgering em Goiânia - 9vee,2026-08-24,2026-08-24,1
posts/curso-preparatorio-inburgering-em-joao-pessoa.md,https://www.9vee.com.br/post/curso-preparatorio-inburgering-em-joao-pessoa,Curso Preparatório para o Inburgering em João Pessoa - 9vee,2026-08-28,2026-08-28,1
posts/curso-preparatorio-inburgering-em-jundiai.md,https://www.9vee.com.br/post/curso-preparatorio-inburgering-em-jundiai,Curso Preparatório para o Inburgering em Jundiaí - 9vee,2026-09-05,2026-09-05,1
posts/curso-preparatorio-inburgering-em-macapa.md,https://www.9vee.com.br/post/curso-preparatorio-inburgering-em-macapa,Curso Preparatório para o Inburgering em Macapá - 9vee,2026-08-31,2026-08-31,1
posts/curso-preparatorio-inburgering-em-maceio.md,https://www.9vee.com.br/post/curso-preparatorio-inburgering-em-maceio,Curso Preparatório para o Inburgering em Maceió - 9vee,2026-08-25,2026-08-25,1
posts/curso-preparatorio-inburgering-em-manaus.md,https://www.9vee.com.br/post/curso-preparatorio-inburgering-em-manaus,Curso Preparatório para o Inburgering em Manaus - 9vee,2026-08-27,2026-08-27,1
posts/curso-preparatorio-inburgering-em-natal.md,https://www.9vee.com.br/post/curso-preparatorio-inburgering-em-natal,Curso Preparatório para o Inburgering em Natal - 9vee,2026-08-26,2026-08-26,1
posts/curso-preparatorio-inburgering-em-palmas.md,https://www.9vee.com.br/post/curso-preparatorio-inburgering-em-palmas,Curso Preparatório para o Inburgering em Palmas - 9vee,2026-08-25,2026-08-25,1
posts/curso-preparatorio-inburgering-em-porto-alegre.md,https://www.9vee.com.br/post/curso-preparatorio-inburgering-em-porto-alegre,Curso Preparatório para o Inburgering em Porto Alegre - 9vee,2026-08-24,2026-08-24,1
posts/curso-preparatorio-inburgering-em-porto-velho.md,https://www.9vee.com.br/post/curso-preparatorio-inburgering-em-porto-velho,Curso Preparatório para o Inburgering em Porto Velho - 9vee,2026-08-30,2026-08-30,1
posts/curso-preparatorio-inburgering-em-recife.md,https://www.9vee.com.br/post/curso-preparatorio-inburgering-em-recife,Curso Preparatório para o Inburgering em Recife - 9vee,2026-08-26,2026-08-26,1
posts/curso-preparatorio-inburgering-em-ribeirao-preto.md,https://www.9vee.com.br/post/curso-preparatorio-inburgering-em-ribeirao-preto,Curso Preparatório para o Inburgering em Ribeirão Preto - 9vee,2026-09-03,2026-09-03,1
posts/curso-preparatorio-inburgering-em-rio-branco.md,https://www.9vee.com.br/post/curso-preparatorio-inburgering-em-rio-branco,Curso Preparatório para o Inburgering em Rio Branco - 9vee,2026-08-31,2026-08-31,1
posts/curso-preparatorio-inburgering-em-sao-luis.md,https://www.9vee.com.br/post/curso-preparatorio-inburgering-em-sao-luis,Curso Preparatório para o Inburgering em São Luís - 9vee,2026-08-25,2026-08-25,1
posts/curso-preparatorio-inburgering-em-sao-paulo.md,https://www.9vee.com.br/post/curso-preparatorio-inburgering-em-sao-paulo,Curso Preparatório para o Inburgering em São Paulo - 9vee,2026-08-19,2026-08-19,1
posts/curso-preparatorio-inburgering-em-teresina.md,https://www.9vee.com.br/post/curso-preparatorio-inburgering-em-teresina,Curso Preparatório para o Inburgering em Teresina - 9vee,2026-08-29,2026-08-29,1
posts/curso-preparatorio-inburgering-em-vitoria.md,https://www.9vee.com.br/post/curso-preparatorio-inburgering-em-vitoria,Curso Preparatório para o Inburgering em Vitória - 9vee,2026-08-24,2026-08-25,1
posts/curso-preparatorio-para-o-inburgering.md,https://www.9vee.com.br/post/curso-preparatorio-para-o-inburgering,Curso Preparatório para o Inburgering - 9vee,2026-04-09,2026-08-19,1
posts/curso-preparatorio-para-toefl.md,https://www.9vee.com.br/post/curso-preparatorio-para-toefl,Curso Preparatório Para Toefl - 9vee,2026-03-23,2026-04-17,1
posts/curso-preparatorio-para-toefl-em-sao-paulo.md,https://www.9vee.com.br/post/curso-preparatorio-para-toefl-em-sao-paulo,Curso Preparatório Para Toefl em São Paulo - 9vee,2026-04-09,2026-05-17,1
posts/escola-de-ingles-com-professor-nativo-em-sao-paulo.md,https://www.9vee.com.br/post/escola-de-ingles-com-professor-nativo-em-sao-paulo,Escola de Inglês com Professor Nativo em São Paulo - 9vee,2026-03-22,2026-04-17,1
posts/fale-ingles-fluente.md,https://www.9vee.com.br/post/fale-ingles-fluente,Fale Inglês Fluente - 9vee,2026-03-19,2026-04-15,1
posts/interpretacao-simultanea-presencial-ou-on-line-no-rio-de-janeiro.md,https://www.9vee.com.br/post/interpretacao-simultanea-presencial-ou-on-line-no-rio-de-janeiro,Interpretação Simultânea Presencial ou On-line no Rio de Janeiro - 9vee,2026-03-13,2026-04-14,1
posts/lms-learning-management-system.md,https://www.9vee.com.br/post/lms-learning-management-system,LMS - Learning Management System - 9vee,2026-03-31,2026-04-18,1
posts/lms-learning-management-system-em-aracaju.md,https://www.9vee.com.br/post/lms-learning-management-system-em-aracaju,LMS - Learning Management System em Aracaju - 9vee,2026-04-07,2026-08-19,1
posts/lms-learning-management-system-em-belo-horizonte.md,https://www.9vee.com.br/post/lms-learning-management-system-em-belo-horizonte,LMS - Learning Management System em Belo Horizonte - 9vee,2026-04-06,2026-04-18,1
posts/lms-learning-management-system-em-brasilia.md,https://www.9vee.com.br/post/lms-learning-management-system-em-brasilia,LMS - Learning Management System em Brasília - 9vee,2026-04-06,2026-04-18,1
posts/lms-learning-management-system-em-campinas.md,https://www.9vee.com.br/post/lms-learning-management-system-em-campinas,LMS - Learning Management System em Campinas - 9vee,2026-04-09,2026-04-16,1
posts/lms-learning-management-system-em-curitiba.md,https://www.9vee.com.br/post/lms-learning-management-system-em-curitiba,LMS - Learning Management System em Curitiba - 9vee,2026-04-07,2026-04-16,1
posts/lms-learning-management-system-em-florianopolis.md,https://www.9vee.com.br/post/lms-learning-management-system-em-florianopolis,LMS - Learning Management System em Florianópolis - 9vee,2026-04-06,2026-04-16,1
posts/lms-learning-management-system-em-porto-alegre.md,https://www.9vee.com.br/post/lms-learning-management-system-em-porto-alegre,LMS - Learning Management System em Porto Alegre - 9vee,2026-04-07,2026-04-18,1
posts/lms-learning-management-system-em-salvador.md,https://www.9vee.com.br/post/lms-learning-management-system-em-salvador,LMS - Learning Management System em Salvador - 9vee,2026-05-13,2026-05-13,1
posts/lms-learning-management-system-em-sao-paulo.md,https://www.9vee.com.br/post/lms-learning-management-system-em-sao-paulo,LMS - Learning Management System em São Paulo - 9vee,2026-03-31,2026-04-16,1
posts/melhor-curso-de-idiomas-do-brasil.md,https://www.9vee.com.br/post/melhor-curso-de-idiomas-do-brasil,Melhor Curso de Idiomas do Brasil - 9vee,2026-03-20,2026-04-16,1
posts/melhor-escola-de-idiomas-em-sao-paulo.md,https://www.9vee.com.br/post/melhor-escola-de-idiomas-em-sao-paulo,Melhor Escola de Idiomas em São Paulo - 9vee,2026-03-20,2026-04-16,1
posts/melhor-escola-de-idiomas-no-rio-de-janeiro.md,https://www.9vee.com.br/post/melhor-escola-de-idiomas-no-rio-de-janeiro,Melhor Escola de Idiomas no Rio de Janeiro - 9vee,2026-04-03,2026-04-16,1
posts/professor-particular-e-aula-individual-de-ingles.md,https://www.9vee.com.br/post/professor-particular-e-aula-individual-de-ingles,Professor Particular e Aula Individual de Inglês - 9vee,2026-03-19,2026-04-15,1
posts/professores-nativos.md,https://www.9vee.com.br/post/professores-nativos,Professores Nativos - 9vee,2026-03-19,2026-04-15,1
posts/servico-de-interpretacao-simultanea-para-conferencias-em-brasilia.md,https://www.9vee.com.br/post/servico-de-interpretacao-simultanea-para-conferencias-em-brasilia,Serviço de Interpretação Simultânea Para Conferências em Brasília - 9vee,2026-04-07,2026-04-18,1
posts/servico-de-interpretacao-simultanea-para-conferencias-em-campinas.md,https://www.9vee.com.br/post/servico-de-interpretacao-simultanea-para-conferencias-em-campinas,Serviço de Interpretação Simultânea Para Conferências em Campinas - 9vee,2026-07-27,2026-07-27,1
posts/servico-de-interpretacao-simultanea-para-conferencias-em-campo-grande.md,https://www.9vee.com.br/post/servico-de-interpretacao-simultanea-para-conferencias-em-campo-grande,Serviço de Interpretação Simultânea Para Conferências em Campo Grande - 9vee,2026-07-20,2026-07-20,1
posts/servico-de-interpretacao-simultanea-para-conferencias-em-curitiba.md,https://www.9vee.com.br/post/servico-de-interpretacao-simultanea-para-conferencias-em-curitiba,Serviço de Interpretação Simultânea Para Conferências em Curitiba - 9vee,2026-04-13,2026-04-14,1
posts/servico-de-interpretacao-simultanea-para-conferencias-em-florianopolis.md,https://www.9vee.com.br/post/servico-de-interpretacao-simultanea-para-conferencias-em-florianopolis,Serviço de Interpretação Simultânea Para Conferências em Florianópolis - 9vee,2026-08-10,2026-08-10,1
posts/servico-de-interpretacao-simultanea-para-conferencias-em-goiania.md,https://www.9vee.com.br/post/servico-de-interpretacao-simultanea-para-conferencias-em-goiania,Serviço de Interpretação Simultânea Para Conferências em Goiânia - 9vee,2026-07-20,2026-07-20,1
posts/servico-de-interpretacao-simultanea-para-conferencias-em-jundiai.md,https://www.9vee.com.br/post/servico-de-interpretacao-simultanea-para-conferencias-em-jundiai,Serviço de Interpretação Simultânea Para Conferências em Jundiaí - 9vee,2026-07-28,2026-07-28,1
posts/servico-de-interpretacao-simultanea-para-conferencias-em-natal.md,https://www.9vee.com.br/post/servico-de-interpretacao-simultanea-para-conferencias-em-natal,Serviço de Interpretação Simultânea Para Conferências em Natal - 9vee,2026-07-22,2026-07-22,1
posts/servico-de-interpretacao-simultanea-para-conferencias-em-palmas.md,https://www.9vee.com.br/post/servico-de-interpretacao-simultanea-para-conferencias-em-palmas,Serviço de Interpretação Simultânea Para Conferências em Palmas - 9vee,2026-08-21,2026-08-21,1
posts/servico-de-interpretacao-simultanea-para-conferencias-em-porto-alegre.md,https://www.9vee.com.br/post/servico-de-interpretacao-simultanea-para-conferencias-em-porto-alegre,Serviço de Interpretação Simultânea Para Conferências em Porto Alegre - 9vee,2026-07-20,2026-07-20,1
posts/servico-de-interpretacao-simultanea-para-conferencias-em-porto-velho.md,https://www.9vee.com.br/post/servico-de-interpretacao-simultanea-para-conferencias-em-porto-velho,Serviço de Interpretação Simultânea Para Conferências em Porto Velho - 9vee,2026-08-05,2026-08-05,1
posts/servico-de-interpretacao-simultanea-para-conferencias-em-recife.md,https://www.9vee.com.br/post/servico-de-interpretacao-simultanea-para-conferencias-em-recife,Serviço de Interpretação Simultânea Para Conferências em Recife - 9vee,2026-07-22,2026-07-22,1
posts/servico-de-interpretacao-simultanea-para-conferencias-em-ribeirao-preto.md,https://www.9vee.com.br/post/servico-de-interpretacao-simultanea-para-conferencias-em-ribeirao-preto,Serviço de Interpretação Simultânea Para Conferências em Ribeirão Preto - 9vee,2026-07-29,2026-07-29,1
posts/servico-de-interpretacao-simultanea-para-conferencias-em-salvador.md,https://www.9vee.com.br/post/servico-de-interpretacao-simultanea-para-conferencias-em-salvador,Serviço de Interpretação Simultânea Para Conferências em Salvador - 9vee,2026-07-21,2026-07-21,1
posts/servico-de-interpretacao-simultanea-para-conferencias-em-sao-jose-dos-campos.md,https://www.9vee.com.br/post/servico-de-interpretacao-simultanea-para-conferencias-em-sao-jose-dos-campos,Serviço de Interpretação Simultânea Para Conferências em São José dos Campos - 9vee,2026-08-13,2026-08-13,1
posts/servico-de-interpretacao-simultanea-para-conferencias-em-sao-paulo.md,https://www.9vee.com.br/post/servico-de-interpretacao-simultanea-para-conferencias-em-sao-paulo,Serviço de Interpretação Simultânea Para Conferências em São Paulo - 9vee,2026-07-18,2026-07-18,1
posts/servico-de-interpretacao-simultanea-para-conferencias-em-teresina.md,https://www.9vee.com.br/post/servico-de-interpretacao-simultanea-para-conferencias-em-teresina,Serviço de Interpretação Simultânea Para Conferências em Teresina - 9vee,2026-07-29,2026-07-29,1
posts/servico-de-interpretacao-simultanea-para-conferencias-na-faria-lima.md,https://www.9vee.com.br/post/servico-de-interpretacao-simultanea-para-conferencias-na-faria-lima,Serviço de Interpretação Simultânea Para Conferências na Faria Lima - 9vee,2026-07-30,2026-07-30,1
posts/servico-de-interpretacao-simultanea-para-conferencias-no-rio-de-janeiro.md,https://www.9vee.com.br/post/servico-de-interpretacao-simultanea-para-conferencias-no-rio-de-janeiro,Serviço de Interpretação Simultânea Para Conferências no Rio de Janeiro - 9vee,2026-08-08,2026-08-08,1
posts/servico-de-interpretacao-simultanea-presencial-e-online-em-campo-grande.md,https://www.9vee.com.br/post/servico-de-interpretacao-simultanea-presencial-e-online-em-campo-grande,Serviço de Interpretação Simultânea Presencial e Online em Campo Grande -  9vee,2026-04-03,2026-04-16,1
posts/servico-de-interpretacao-simultanea-presencial-ou-on-line-em-belo-horizonte.md,https://www.9vee.com.br/post/servico-de-interpretacao-simultanea-presencial-ou-on-line-em-belo-horizonte,Serviço de Interpretação Simultânea Presencial ou On-line em Belo Horizonte - 9vee,2026-07-18,2026-07-18,1
posts/servico-de-interpretacao-simultanea-presencial-ou-on-line-em-boa-vista.md,https://www.9vee.com.br/post/servico-de-interpretacao-simultanea-presencial-ou-on-line-em-boa-vista,Serviço de Interpretação Simultânea Presencial ou On-line em Boa Vista - 9vee,2026-03-30,2026-04-17,1
posts/servico-de-interpretacao-simultanea-presencial-ou-on-line-em-brasilia.md,https://www.9vee.com.br/post/servico-de-interpretacao-simultanea-presencial-ou-on-line-em-brasilia,Serviço de Interpretação Simultânea Presencial ou On-line em Brasília - 9vee,2026-03-13,2026-04-14,1
posts/servico-de-interpretacao-simultanea-presencial-ou-on-line-em-campinas.md,https://www.9vee.com.br/post/servico-de-interpretacao-simultanea-presencial-ou-on-line-em-campinas,Serviço de Interpretação Simultânea Presencial ou On-line em Campinas - 9vee,2026-07-16,2026-07-16,1
posts/servico-de-interpretacao-simultanea-presencial-ou-on-line-em-curitiba.md,https://www.9vee.com.br/post/servico-de-interpretacao-simultanea-presencial-ou-on-line-em-curitiba,Serviço de Interpretação Simultânea Presencial ou On-line em Curitiba - 9vee,2026-03-14,2026-04-14,1
posts/servico-de-interpretacao-simultanea-presencial-ou-on-line-em-goiania.md,https://www.9vee.com.br/post/servico-de-interpretacao-simultanea-presencial-ou-on-line-em-goiania,Serviço de Interpretação Simultânea Presencial ou On-line em Goiânia - 9vee,2026-08-05,2026-08-05,1
posts/servico-de-interpretacao-simultanea-presencial-ou-on-line-em-jundiai.md,https://www.9vee.com.br/post/servico-de-interpretacao-simultanea-presencial-ou-on-line-em-jundiai,Serviço de Interpretação Simultânea Presencial ou On-line em Jundiaí - 9vee,2026-08-06,2026-08-06,1
posts/servico-de-interpretacao-simultanea-presencial-ou-on-line-em-manaus.md,https://www.9vee.com.br/post/servico-de-interpretacao-simultanea-presencial-ou-on-line-em-manaus,Serviço de Interpretação Simultânea Presencial ou On-line em Manaus - 9vee,2026-08-06,2026-08-06,1
posts/servico-de-interpretacao-simultanea-presencial-ou-on-line-em-natal.md,https://www.9vee.com.br/post/servico-de-interpretacao-simultanea-presencial-ou-on-line-em-natal,Serviço de Interpretação Simultânea Presencial ou On-line em Natal - 9vee,2026-08-06,2026-08-06,1
posts/servico-de-interpretacao-simultanea-presencial-ou-on-line-em-palmas.md,https://www.9vee.com.br/post/servico-de-interpretacao-simultanea-presencial-ou-on-line-em-palmas,Serviço de Interpretação Simultânea Presencial ou On-line em Palmas - 9vee,2026-08-07,2026-08-07,1
posts/servico-de-interpretacao-simultanea-presencial-ou-on-line-em-porto-alegre.md,https://www.9vee.com.br/post/servico-de-interpretacao-simultanea-presencial-ou-on-line-em-porto-alegre,Serviço de Interpretação Simultânea Presencial ou On-line em Porto Alegre - 9vee,2026-07-18,2026-07-18,1
posts/servico-de-interpretacao-simultanea-presencial-ou-on-line-em-ribeirao-preto.md,https://www.9vee.com.br/post/servico-de-interpretacao-simultanea-presencial-ou-on-line-em-ribeirao-preto,Serviço de Interpretação Simultânea Presencial ou On-line em Ribeirão Preto - 9vee,2026-08-20,2026-08-20,1
posts/servico-de-interpretacao-simultanea-presencial-ou-on-line-em-salvador.md,https://www.9vee.com.br/post/servico-de-interpretacao-simultanea-presencial-ou-on-line-em-salvador,Serviço de Interpretação Simultânea Presencial ou On-line em Salvador - 9vee,2026-08-08,2026-08-08,1
posts/servico-de-interpretacao-simultanea-presencial-ou-on-line-em-sao-jose-dos-campos.md,https://www.9vee.com.br/post/servico-de-interpretacao-simultanea-presencial-ou-on-line-em-sao-jose-dos-campos,Serviço de Interpretação Simultânea Presencial ou On-line em São José dos Campos - 9vee,2026-08-15,2026-08-15,2
posts/servico-de-interpretacao-simultanea-presencial-ou-on-line-em-sao-paulo.md,https://www.9vee.com.br/post/servico-de-interpretacao-simultanea-presencial-ou-on-line-em-sao-paulo,Serviço de Interpretação Simultânea Presencial ou On-line em São Paulo - 9vee,2026-03-12,2026-04-14,1
posts/servico-de-interpretacao-simultanea-presencial-ou-on-line-em-teresina.md,https://www.9vee.com.br/post/servico-de-interpretacao-simultanea-presencial-ou-on-line-em-teresina,Serviço de Interpretação Simultânea Presencial ou On-line em Teresina - 9vee,2026-08-06,2026-08-06,1
posts/servico-de-interpretacao-simultanea-presencial-ou-on-line-em-vitoria.md,https://www.9vee.com.br/post/servico-de-interpretacao-simultanea-presencial-ou-on-line-em-vitoria,Serviço de Interpretação Simultânea Presencial ou On-line em Vitória - 9vee,2026-08-07,2026-08-07,1
posts/servico-interpretacao-simultanea-conferencias-belo-horizonte.md,https://www.9vee.com.br/post/servico-interpretacao-simultanea-conferencias-belo-horizonte,Serviço de Interpretação Simultânea Para Conferências em Belo Horizonte - 9vee,2026-03-12,2026-04-14,1
posts/servico-interpretacao-simultanea-presencial-ou-on-line-florianopolis.md,https://www.9vee.com.br/post/servico-interpretacao-simultanea-presencial-ou-on-line-florianopolis,Serviço de Interpretação Simultânea Presencial ou On-line em Florianópolis - 9vee,2026-03-12,2026-04-14,1
posts/traducao-simultanea-de-eventos-em-belem.md,https://www.9vee.com.br/post/traducao-simultanea-de-eventos-em-belem,Tradução Simultânea de Eventos em Belém - 9vee,2026-08-09,2026-08-09,1
posts/traducao-simultanea-de-eventos-em-brasilia.md,https://www.9vee.com.br/post/traducao-simultanea-de-eventos-em-brasilia,Tradução Simultânea de Eventos em Brasília - 9vee,2026-04-04,2026-04-18,1
posts/traducao-simultanea-de-eventos-em-campinas.md,https://www.9vee.com.br/post/traducao-simultanea-de-eventos-em-campinas,Tradução Simultânea de Eventos em Campinas - 9vee,2026-07-15,2026-07-15,1
posts/traducao-simultanea-de-eventos-em-campo-grande.md,https://www.9vee.com.br/post/traducao-simultanea-de-eventos-em-campo-grande,Tradução Simultânea de Eventos em Campo Grande - 9vee,2026-08-11,2026-08-11,1
posts/traducao-simultanea-de-eventos-em-curitiba.md,https://www.9vee.com.br/post/traducao-simultanea-de-eventos-em-curitiba,Tradução Simultânea de Eventos em Curitiba - 9vee,2026-07-18,2026-07-18,1
posts/traducao-simultanea-de-eventos-em-goiania.md,https://www.9vee.com.br/post/traducao-simultanea-de-eventos-em-goiania,Tradução Simultânea de Eventos em Goiânia - 9vee,2026-04-06,2026-04-06,1
posts/traducao-simultanea-de-eventos-em-jundiai.md,https://www.9vee.com.br/post/traducao-simultanea-de-eventos-em-jundiai,Tradução Simultânea de Eventos em Jundiaí - 9vee,2026-08-13,2026-08-13,2
posts/traducao-simultanea-de-eventos-em-manaus.md,https://www.9vee.com.br/post/traducao-simultanea-de-eventos-em-manaus,Tradução Simultânea de Eventos em Manaus – 9vee,2026-04-08,2026-04-18,1
posts/traducao-simultanea-de-eventos-em-palmas.md,https://www.9vee.com.br/post/traducao-simultanea-de-eventos-em-palmas,Tradução Simultânea de Eventos em Palmas - 9vee,2026-08-11,2026-08-11,1
posts/traducao-simultanea-de-eventos-em-porto-alegre.md,https://www.9vee.com.br/post/traducao-simultanea-de-eventos-em-porto-alegre,Tradução Simultânea de Eventos em Porto Alegre - 9vee,2026-08-10,2026-08-11,1
posts/traducao-simultanea-de-eventos-em-recife.md,https://www.9vee.com.br/post/traducao-simultanea-de-eventos-em-recife,Tradução Simultânea de Eventos em Recife - 9vee,2026-07-17,2026-07-17,1
posts/traducao-simultanea-de-eventos-em-ribeirao-preto.md,https://www.9vee.com.br/post/traducao-simultanea-de-eventos-em-ribeirao-preto,Tradução Simultânea de Eventos em Ribeirão Preto - 9vee,2026-08-12,2026-08-12,1
posts/traducao-simultanea-de-eventos-em-salvador.md,https://www.9vee.com.br/post/traducao-simultanea-de-eventos-em-salvador,Tradução Simultânea de Eventos em Salvador - 9vee,2026-08-20,2026-08-20,1
posts/traducao-simultanea-de-eventos-em-sao-jose-dos-campos.md,https://www.9vee.com.br/post/traducao-simultanea-de-eventos-em-sao-jose-dos-campos,Tradução Simultânea de Eventos em São José dos Campos - 9vee,2026-08-13,2026-08-13,1
posts/traducao-simultanea-de-eventos-em-sao-paulo.md,https://www.9vee.com.br/post/traducao-simultanea-de-eventos-em-sao-paulo,Tradução Simultânea de Eventos em São Paulo - 9vee,2026-03-13,2026-04-14,1
posts/traducao-simultanea-de-eventos-em-sorocaba.md,https://www.9vee.com.br/post/traducao-simultanea-de-eventos-em-sorocaba,Tradução Simultânea de Eventos em Sorocaba - 9vee,2026-07-17,2026-07-17,1
posts/traducao-simultanea-de-eventos-em-teresina.md,https://www.9vee.com.br/post/traducao-simultanea-de-eventos-em-teresina,Tradução Simultânea de Eventos em Teresina - 9vee,2026-08-11,2026-08-11,1
posts/traducao-simultanea-de-eventos-na-av-paulista.md,https://www.9vee.com.br/post/traducao-simultanea-de-eventos-na-av-paulista,Tradução Simultânea de Eventos na Av. Paulista - 9vee,2026-07-17,2026-07-17,1
posts/traducao-simultanea-de-eventos-no-rio-de-janeiro.md,https://www.9vee.com.br/post/traducao-simultanea-de-eventos-no-rio-de-janeiro,Tradução Simultânea de Eventos no Rio de Janeiro - 9vee,2026-04-04,2026-04-18,1
posts/traducao-simultanea-eventos-florianopolis.md,https://www.9vee.com.br/post/traducao-simultanea-eventos-florianopolis,Tradução Simultânea de Eventos em Florianópolis - 9vee,2026-03-13,2026-04-14,1
